ID,地域,国名,遺産名,緯度,経度,タイプ,登録年,現地名(JP),現地名（EN）,URL,級
1,欧州,イタリア共和国,ヴァル・カモニカの岩絵群,45.8910,10.1784,文化遺産,1979,アルケオロージコ・ディ・ルイネ公園,Parco Comunale di Luine di Darfo-Boario Terme,
1,欧州,イタリア共和国,ヴァル・カモニカの岩絵群,46.0307,10.3389,文化遺産,1979,アルケオロージコ・ナツィオナーレ・デイ・マッシ・ディ・チェンモ公園,Parco Archeologico Nazionale dei Massi di Cemmo,
1,欧州,イタリア共和国,ヴァル・カモニカの岩絵群,46.0349,10.3430,文化遺産,1979,アルケオロージコ・コムナーレ・ディ・セラディナ＝ベドリナ公園,Parco Archeologico Comunale di Seradina-Bedolina in Capo di Ponte,
1,欧州,イタリア共和国,ヴァル・カモニカの岩絵群,46.0584,10.3371,文化遺産,1979,セッレロ公園,Parco Comunale di Sellero,
1,欧州,イタリア共和国,ヴァル・カモニカの岩絵群,46.1578,10.3613,文化遺産,1979,プルリテマティコ・コレン・デ・レ・ファテ公園,Parco Pluritematico Coren de le Fate,
1,欧州,イタリア共和国,ヴァル・カモニカの岩絵群,46.0283,10.3507,文化遺産,1979,インチジオニ・ルペストリ・ディ・ナクアネ国立公園,Parco Nazionale delle Incisioni Rupestri di Capo di Ponte,
1,欧州,イタリア共和国,ヴァル・カモニカの岩絵群,46.0120,10.3529,文化遺産,1979,チェート、チンベルゴ、パスパルドの岩絵遺跡自然保護区,Riserva Naturale delle Incisioni Rupestri di Ceto Cimbergo e Paspardo,
2,欧州,イタリア共和国,レオナルド・ダ・ヴィンチの「最後の晩餐」があるサンタ・マリア・デッレ・グラツィエ教会,45.4659,9.1709,文化遺産,1980,ロンバルディア州,Church and Dominican Convent of Santa Maria delle Grazie with “The Last Supper” by Leonardo da Vinci,,2
3,欧州,イタリア共和国,ローマの歴史地区、教皇領の建造物群およびサン・パオロ・フオーリ・レ・ムーラ大聖堂,41.9029,12.4534,文化遺産,1980,ローマの歴史地区,Historic Centre of Rome,,"3,2"
3,欧州,イタリア共和国,ローマの歴史地区、教皇領の建造物群およびサン・パオロ・フオーリ・レ・ムーラ大聖堂,41.9003,12.4588,文化遺産,1980,教皇領,Properties of the Holy See in that City Enjoying Extraterritorial Rights,
3,欧州,イタリア共和国,ローマの歴史地区、教皇領の建造物群およびサン・パオロ・フオーリ・レ・ムーラ大聖堂,41.8587,12.4761,文化遺産,1980,サン・パオロ・フオーリ・レ・ムーラ大聖堂,San Paolo Fuori le Mura,
4,欧州,イタリア共和国,フィレンツェ歴史地区,43.7696,11.2558,文化遺産,1982,トスカーナ州,Historic Centre of Florence,,2
5,欧州,イタリア共和国,ヴェネツィアとその潟,45.4408,12.3155,文化遺産,1987,ヴェネト州,Venice and its Lagoon,,"3,2"
6,欧州,イタリア共和国,ピサのドゥオモ広場,43.7232,10.3947,文化遺産,1987,トスカーナ州,Piazza del Duomo in Pisa,,3
7,欧州,イタリア共和国,サン・ジミニャーノ歴史地区,43.4670,11.0422,文化遺産,1990,Historic Centre of San Gimignano,,
8,欧州,イタリア共和国,マテーラの洞窟住居と岩窟教会公園,40.6648,16.6108,文化遺産,1993,The Sassi and the Park of the Rupestrian Churches of Matera,,
9,欧州,イタリア共和国,ヴィチェンツァ市街とパッラーディオの邸宅群,45.5315,11.5602,文化遺産,1994,ヴィッラ・アルメリコ・カプラ,Villa Almerico Capra,
9,欧州,イタリア共和国,ヴィチェンツァ市街とパッラーディオの邸宅群,45.5469,11.5445,文化遺産,1994,ヴィチェンツァ市街（パッラーディオの設計した23の建造物を含む）,City of Vicenza (including 23 buildings constructed by Palladio),
9,欧州,イタリア共和国,ヴィチェンツァ市街とパッラーディオの邸宅群,45.5664,11.5481,文化遺産,1994,トリッシノ邸（現トレッテネロ、クリコリ）,Villa Trissino/now Trettenero/Cricoli,
9,欧州,イタリア共和国,ヴィチェンツァ市街とパッラーディオの邸宅群,45.5593,11.6009,文化遺産,1994,ガツォッティ邸,Villa Gazzotti Grimani,
9,欧州,イタリア共和国,ヴィチェンツァ市街とパッラーディオの邸宅群,45.7807,11.7235,文化遺産,1994,アンガラーノ邸,Villa Angarano,
9,欧州,イタリア共和国,ヴィチェンツァ市街とパッラーディオの邸宅群,45.6144,11.5067,文化遺産,1994,カルドーニョ邸,Villa Caldogno,
9,欧州,イタリア共和国,ヴィチェンツァ市街とパッラーディオの邸宅群,45.5031,11.6443,文化遺産,1994,キエリカーティ邸,Villa Chiericati,
9,欧州,イタリア共和国,ヴィチェンツァ市街とパッラーディオの邸宅群,45.6587,11.5623,文化遺産,1994,フォルニ・チェラート邸,Villa Forni Cerato,
9,欧州,イタリア共和国,ヴィチェンツァ市街とパッラーディオの邸宅群,45.7456,11.5348,文化遺産,1994,ゴディ・マリンヴェルニ邸,Villa Godi Malinverni,
9,欧州,イタリア共和国,ヴィチェンツァ市街とパッラーディオの邸宅群,45.3571,11.3713,文化遺産,1994,ピサーニ・フェッリ邸,Villa Pisani Ferri,
9,欧州,イタリア共和国,ヴィチェンツァ市街とパッラーディオの邸宅群,45.2853,11.4982,文化遺産,1994,ポジャーナ邸,Villa Pojana,
9,欧州,イタリア共和国,ヴィチェンツァ市街とパッラーディオの邸宅群,45.3127,11.5663,文化遺産,1994,サラチェーノ邸,Villa Saraceno,
9,欧州,イタリア共和国,ヴィチェンツァ市街とパッラーディオの邸宅群,45.5729,11.6252,文化遺産,1994,ティエネ邸,Villa Thiene,
9,欧州,イタリア共和国,ヴィチェンツァ市街とパッラーディオの邸宅群,45.4323,11.4134,文化遺産,1994,トリッシノ邸,Villa Trissino,
9,欧州,イタリア共和国,ヴィチェンツァ市街とパッラーディオの邸宅群,45.5798,11.6102,文化遺産,1994,ヴァルマラーナ・ゼン邸,Villa Valmarana Zen,
9,欧州,イタリア共和国,ヴィチェンツァ市街とパッラーディオの邸宅群,45.6072,11.5842,文化遺産,1994,ヴァルマラーナ・ブレッサン邸,Villa Valmarana Bressan,
9,欧州,イタリア共和国,ヴィチェンツァ市街とパッラーディオの邸宅群,45.0304,11.6399,文化遺産,1994,バドエル邸,Villa Badoer,
9,欧州,イタリア共和国,ヴィチェンツァ市街とパッラーディオの邸宅群,45.8121,11.9764,文化遺産,1994,バルバーロ邸,Villa Barbaro,
9,欧州,イタリア共和国,ヴィチェンツァ市街とパッラーディオの邸宅群,45.7117,11.9912,文化遺産,1994,エモ邸,Villa Emo,
9,欧州,イタリア共和国,ヴィチェンツァ市街とパッラーディオの邸宅群,45.7001,12.6429,文化遺産,1994,ゼノ邸,Villa Zeno,
9,欧州,イタリア共和国,ヴィチェンツァ市街とパッラーディオの邸宅群,45.4367,12.2016,文化遺産,1994,フォスカリ邸,Villa Foscari,
9,欧州,イタリア共和国,ヴィチェンツァ市街とパッラーディオの邸宅群,45.2305,11.4695,文化遺産,1994,ピサニ邸,Villa Pisani,
9,欧州,イタリア共和国,ヴィチェンツァ市街とパッラーディオの邸宅群,45.6071,11.9993,文化遺産,1994,コルナーロ邸,Villa Cornaro,
9,欧州,イタリア共和国,ヴィチェンツァ市街とパッラーディオの邸宅群,45.4994,10.9239,文化遺産,1994,セレーゴ邸,Villa Serego,
9,欧州,イタリア共和国,ヴィチェンツァ市街とパッラーディオの邸宅群,45.7476,11.5333,文化遺産,1994,ピオヴェーネ邸,Villa Piovene,
10,欧州,イタリア共和国,シエナ歴史地区,43.3266,11.3254,文化遺産,1995,トスカーナ州,Historic Centre of Siena,,2
11,欧州,イタリア共和国,ナポリ歴史地区,40.8522,14.2681,文化遺産,1995,ナポリ歴史地区,Historical Centre of Naples,
11,欧州,イタリア共和国,ナポリ歴史地区,40.8183,14.2060,文化遺産,1995,ヴィッラ・マンツォ、サンタ・マリア・デッラ・コンソラツィオーネ地区,District of Villa Manzo/Santa Maria della Consolazione,
11,欧州,イタリア共和国,ナポリ歴史地区,40.7966,14.1932,文化遺産,1995,マレキアーロ,Marechiaro,
11,欧州,イタリア共和国,ナポリ歴史地区,40.8037,14.1920,文化遺産,1995,カザーレとサント・ストラト地区,District of Casale and Santo Strato,
12,欧州,イタリア共和国,クレスピ・ダッダ,45.5966,9.5353,文化遺産,1995,Crespi d'Adda,,
13,欧州,イタリア共和国,フェッラーラ：ルネサンス期の市街とポー川デルタ,44.8849,11.5093,文化遺産,1995,ディアマンティーナ,Diamantina,
13,欧州,イタリア共和国,フェッラーラ：ルネサンス期の市街とポー川デルタ,44.8334,11.6146,文化遺産,1995,フェッラーラ,Ferrara,
14,欧州,イタリア共和国,デル・モンテ城,41.0847,16.2710,文化遺産,1996,プーリア州,Castel del Monte,,"3,2"
15,欧州,イタリア共和国,アルベロベッロのトゥルッリ,40.7844,17.2379,文化遺産,1996,プーリア州:カーサ・ダモーレ,Casa D'Amore,,3
15,欧州,イタリア共和国,アルベロベッロのトゥルッリ,40.7840,17.2385,文化遺産,1996,プーリア州:メルカート広場,Piazza del Mercato,
15,欧州,イタリア共和国,アルベロベッロのトゥルッリ,40.7840,17.2390,文化遺産,1996,プーリア州:歴史博物館,Museo Storico,
15,欧州,イタリア共和国,アルベロベッロのトゥルッリ,40.7873,17.2353,文化遺産,1996,プーリア州:トゥルッロ・ソヴラーノ,Trullo Sovrano,
15,欧州,イタリア共和国,アルベロベッロのトゥルッリ,40.7837,17.2386,文化遺産,1996,プーリア州:アイア・ピッコロ地区,Quartiere Aja Piccola,
15,欧州,イタリア共和国,アルベロベッロのトゥルッリ,40.7833,17.2333,文化遺産,1996,プーリア州:モンティ地区,Quartiere Monti,
16,欧州,イタリア共和国,ラヴェンナの初期キリスト教建築物群,44.4209,12.1970,文化遺産,1996,エミリア＝ロマーニャ州:ガッラ・プラキディア廟堂,Mausoleum of Galla Placida,2
16,欧州,イタリア共和国,ラヴェンナの初期キリスト教建築物群,44.4205,12.1963,文化遺産,1996,エミリア＝ロマーニャ州:サン・ヴィターレ聖堂,Church of St. Vitale,
16,欧州,イタリア共和国,ラヴェンナの初期キリスト教建築物群,44.4150,12.1972,文化遺産,1996,エミリア＝ロマーニャ州:ネオニ/アルチヴェスコヴィーレ礼拝堂（サンタンドレア礼拝堂）,Archiepiscopal Chapel,
16,欧州,イタリア共和国,ラヴェンナの初期キリスト教建築物群,44.4166,12.2046,文化遺産,1996,エミリア＝ロマーニャ州:サンタポリナーレ・ヌオヴォ聖堂,Basilica of St. Apollinaire Nuovo,
16,欧州,イタリア共和国,ラヴェンナの初期キリスト教建築物群,44.4186,12.2024,文化遺産,1996,エミリア＝ロマーニャ州:アリアーニ洗礼堂,Arian Baptistry,
16,欧州,イタリア共和国,ラヴェンナの初期キリスト教建築物群,44.4250,12.2091,文化遺産,1996,エミリア＝ロマーニャ州:テオドリック廟,Mauseoleum of Theodoric,
16,欧州,イタリア共和国,ラヴェンナの初期キリスト教建築物群,44.3802,12.2330,文化遺産,1996,エミリア＝ロマーニャ州:サンタポリナーレ・イン・クラッセ聖堂,Basilica of St. Apollinare in Classe,
17,欧州,イタリア共和国,ピエンツァ市街の歴史地区,43.0766,11.6791,文化遺産,1996,Historic Centre of the City of Pienza,,
18,欧州,イタリア共和国,カゼルタの18世紀の王宮と庭園、サン・レウチョの邸宅群とアクィエドット・ヴァンヴィテッリ,41.0732,14.3271,文化遺産,1997,王宮,Royal Palace at Caserta,
18,欧州,イタリア共和国,カゼルタの18世紀の王宮と庭園、サン・レウチョの邸宅群とアクィエドット・ヴァンヴィテッリ,41.0773,14.3274,文化遺産,1997,公園,The Park,
18,欧州,イタリア共和国,カゼルタの18世紀の王宮と庭園、サン・レウチョの邸宅群とアクィエドット・ヴァンヴィテッリ,41.0593,14.4019,文化遺産,1997,ヴァンヴィテッリの水道橋,The Aqueduct of Vanvitelli,
18,欧州,イタリア共和国,カゼルタの18世紀の王宮と庭園、サン・レウチョの邸宅群とアクィエドット・ヴァンヴィテッリ,41.1010,14.3167,文化遺産,1997,サン・レウチョ邸宅群,The San Leucio Complex,
19,欧州,イタリア共和国,サヴォイア王家の王宮群,45.0731,7.6864,文化遺産,1997,トリノ・コマンド地区,Zona di Commando,
19,欧州,イタリア共和国,サヴォイア王家の王宮群,45.0709,7.6857,文化遺産,1997,マダーマ宮,Palazzo Carignano,
19,欧州,イタリア共和国,サヴォイア王家の王宮群,45.0691,7.6851,文化遺産,1997,カリニャーノ宮殿,Palazzo Carignano,
19,欧州,イタリア共和国,サヴォイア王家の王宮群,44.9953,7.6045,文化遺産,1997,カッチャ・ディ・ストゥピニージ宮殿,Palazzina di Caccia di Stupinigi,
19,欧州,イタリア共和国,サヴォイア王家の王宮群,45.1469,7.5997,文化遺産,1997,ボルゴ城、マンドリア公園,Borgo castello nel parco della Mandria,
19,欧州,イタリア共和国,サヴォイア王家の王宮群,45.0540,7.6867,文化遺産,1997,ヴァレンティーノ城,Castello del Valentino,
19,欧州,イタリア共和国,サヴォイア王家の王宮群,45.0580,7.7083,文化遺産,1997,レジーナ邸,Villa della Regina,
19,欧州,イタリア共和国,サヴォイア王家の王宮群,45.0027,7.6877,文化遺産,1997,モンカリエーリ城,Castello Reale di Moncalieri,
19,欧州,イタリア共和国,サヴォイア王家の王宮群,45.0697,7.5103,文化遺産,1997,リヴォリ城,Castello di Rivoli,
19,欧州,イタリア共和国,サヴォイア王家の王宮群,45.1356,7.6243,文化遺産,1997,ヴェナリア宮殿,Reggia di Venaria Reale,
19,欧州,イタリア共和国,サヴォイア王家の王宮群,45.3614,7.7695,文化遺産,1997,アリエ城,Castello di Agliè,
19,欧州,イタリア共和国,サヴォイア王家の王宮群,44.7692,7.6756,文化遺産,1997,ラッコニージ城,Castello di Racconigi,
19,欧州,イタリア共和国,サヴォイア王家の王宮群,44.8048,8.0999,文化遺産,1997,ゴヴォネ城,Castello di Govone,
19,欧州,イタリア共和国,サヴォイア王家の王宮群,44.6819,7.8940,文化遺産,1997,ポレンツォ城,Castello di Pollenzo,
20,欧州,イタリア共和国,パドヴァの植物園［オルト・ボタニコ］,45.3994,11.8798,文化遺産,1997,Botanical Garden (Orto Botanico)/Padua,,
21,欧州,イタリア共和国,ポルトヴェーネレ、チンクエ・テッレと小島群,44.0571,9.8384,文化遺産,1997,ポルトヴェーネレ,Portovenere,
21,欧州,イタリア共和国,ポルトヴェーネレ、チンクエ・テッレと小島群,44.1462,9.6498,文化遺産,1997,チンクエ・テッレ:モンテロッソ・アル・マーレ,Cinque Terre:Monterosso al Mare,
21,欧州,イタリア共和国,ポルトヴェーネレ、チンクエ・テッレと小島群,44.1352,9.6835,文化遺産,1997,チンクエ・テッレ:ヴェルナッツァ,Cinque Terre:Vernazza,
21,欧州,イタリア共和国,ポルトヴェーネレ、チンクエ・テッレと小島群,44.1199,9.7102,文化遺産,1997,チンクエ・テッレ：コルニリア,Cinque Terre:Corniglia,
21,欧州,イタリア共和国,ポルトヴェーネレ、チンクエ・テッレと小島群,44.1066,9.7279,文化遺産,1997,チンクエ・テッレ：マナローラ,Cinque Terre:Manarola,
21,欧州,イタリア共和国,ポルトヴェーネレ、チンクエ・テッレと小島群,44.0992,9.7373,文化遺産,1997,チンクエ・テッレ：リオマッジョーレ,Cinque Terre:Riomaggiore,
21,欧州,イタリア共和国,ポルトヴェーネレ、チンクエ・テッレと小島群,44.0437,9.8439,文化遺産,1997,パルマリア島,Isola Palmaria,
21,欧州,イタリア共和国,ポルトヴェーネレ、チンクエ・テッレと小島群,44.0271,9.8502,文化遺産,1997,ティーノ島,Isola del Tino,
21,欧州,イタリア共和国,ポルトヴェーネレ、チンクエ・テッレと小島群,44.0237,9.8509,文化遺産,1997,ティネット島,Isola del Tinetto,
22,欧州,イタリア共和国,モデナ：大聖堂、トッレ・チヴィカとグランデ広場,44.6462,10.9255,文化遺産,1997,モデナ大聖堂,Duomo di Modena(Cathedral),
22,欧州,イタリア共和国,モデナ：大聖堂、トッレ・チヴィカとグランデ広場,44.6458,10.9257,文化遺産,1997,グランデ広場（ピアッツア・グランデ）,Piazza Grande,
22,欧州,イタリア共和国,モデナ：大聖堂、トッレ・チヴィカとグランデ広場,44.6463,10.9259,文化遺産,1997,市民の塔（トッレ・チヴィカ）：ギルランディーナの塔,Torre Civica：Torre della Ghirlandina,
23,欧州,イタリア共和国,ポンペイ、エルコラーノおよびトッレ・アヌンツィアータの遺跡地域,40.7510,14.4887,文化遺産,1997,カンパニア州:ポンペイ,Pompeii,,2
23,欧州,イタリア共和国,ポンペイ、エルコラーノおよびトッレ・アヌンツィアータの遺跡地域,40.7535,14.4775,文化遺産,1997,カンパニア州:秘儀荘（ヴィッラ・デイ・ミステリ）,Villa dei Misteri (Pompei),
23,欧州,イタリア共和国,ポンペイ、エルコラーノおよびトッレ・アヌンツィアータの遺跡地域,40.7570,14.4526,文化遺産,1997,カンパニア州:トッレ・アヌンツィアータのヴィッラＡ（ポッパエア邸／ヴィッラ・ディ・ポッパエア）,Torre Annunziata: Villa A (Villa Poppea),
23,欧州,イタリア共和国,ポンペイ、エルコラーノおよびトッレ・アヌンツィアータの遺跡地域,40.7561,14.4565,文化遺産,1997,カンパニア州:トッレ・アヌンツィアータのヴィッラＢ（ルキウス・クラッシウス・テルティウス邸／ヴィッラ・ディ・ルキウス・クラッシウス・テルティウス）,Torre Annunziata: Villa B (Villa romana di Lucius Tertius Crassus),
23,欧州,イタリア共和国,ポンペイ、エルコラーノおよびトッレ・アヌンツィアータの遺跡地域,40.8082,14.3472,文化遺産,1997,カンパニア州:ヘルクラネウム,Herculaneum,
23,欧州,イタリア共和国,ポンペイ、エルコラーノおよびトッレ・アヌンツィアータの遺跡地域,40.8078,14.3481,文化遺産,1997,カンパニア州:ヘルクラネウム劇場,Theatre of Herculaneum,
23,欧州,イタリア共和国,ポンペイ、エルコラーノおよびトッレ・アヌンツィアータの遺跡地域,40.8074,14.3448,文化遺産,1997,カンパニア州:パピルスの家（ヴィッラ・デイ・パピリ）,Villa dei Papiri,
24,欧州,イタリア共和国,アマルフィ海岸,40.6333,14.6029,文化遺産,1997,Costiera Amalfitana,,
25,欧州,イタリア共和国,アグリジェントの遺跡地域,37.3101,13.5833,文化遺産,1997,Archaeological Area of Agrigento,,
26,欧州,イタリア共和国,ヴィッラ・ロマーナ・デル・カサーレ,37.3646,14.3344,文化遺産,1997,Villa Romana del Casale,,
27,欧州,イタリア共和国,スー・ヌラージ・ディ・バルーミニ,39.7059,8.9910,文化遺産,1997,Su Nuraxi di Barumini,,
28,欧州,イタリア共和国,アクイレイアの遺跡地域と総主教聖堂バシリカ,45.7675,13.3672,文化遺産,1998,Archaeological Area and the Patriarchal Basilica of Aquileia,,
29,欧州,イタリア共和国,ウルビーノ歴史地区,43.7254,12.6353,文化遺産,1998,Historic Centre of Urbino,,
30,欧州,イタリア共和国,パエストゥムとヴェリアの古代遺跡群を含むチレント・エ・ヴァッロ・ディ・ディアノ国立公園とパドゥーラのカルトゥジオ修道院,40.4269,15.0050,文化遺産,1998,パエストゥム,Paestum,
30,欧州,イタリア共和国,パエストゥムとヴェリアの古代遺跡群を含むチレント・エ・ヴァッロ・ディ・ディアノ国立公園とパドゥーラのカルトゥジオ修道院,40.1588,15.1559,文化遺産,1998,ヴェリア,Velia,
30,欧州,イタリア共和国,パエストゥムとヴェリアの古代遺跡群を含むチレント・エ・ヴァッロ・ディ・ディアノ国立公園とパドゥーラのカルトゥジオ修道院,40.3357,15.6520,文化遺産,1998,パドゥーラ修道院,Certosa di Padula,
30,欧州,イタリア共和国,パエストゥムとヴェリアの古代遺跡群を含むチレント・エ・ヴァッロ・ディ・ディアノ国立公園とパドゥーラのカルトゥジオ修道院,40.2830,15.4832,文化遺産,1998,チェルバティ山,Mount Cervati,
30,欧州,イタリア共和国,パエストゥムとヴェリアの古代遺跡群を含むチレント・エ・ヴァッロ・ディ・ディアノ国立公園とパドゥーラのカルトゥジオ修道院,40.3999,15.5666,文化遺産,1998,ヴァッロ・ディ・ディアノ,Vallo di Diano,
30,欧州,イタリア共和国,パエストゥムとヴェリアの古代遺跡群を含むチレント・エ・ヴァッロ・ディ・ディアノ国立公園とパドゥーラのカルトゥジオ修道院,40.2519,14.9328,文化遺産,1998,リコサ岬,Punta Licosa,
30,欧州,イタリア共和国,パエストゥムとヴェリアの古代遺跡群を含むチレント・エ・ヴァッロ・ディ・ディアノ国立公園とパドゥーラのカルトゥジオ修道院,40.2371,15.0662,文化遺産,1998,ステラ山地区,Mount Stella region,
30,欧州,イタリア共和国,パエストゥムとヴェリアの古代遺跡群を含むチレント・エ・ヴァッロ・ディ・ディアノ国立公園とパドゥーラのカルトゥジオ修道院,40.0262,15.2731,文化遺産,1998,パリヌロ岬,Cape Palinuro,
30,欧州,イタリア共和国,パエストゥムとヴェリアの古代遺跡群を含むチレント・エ・ヴァッロ・ディ・ディアノ国立公園とパドゥーラのカルトゥジオ修道院,39.9990,15.4269,文化遺産,1998,インフェレッチ岬,Punta d. Infreschi,
30,欧州,イタリア共和国,パエストゥムとヴェリアの古代遺跡群を含むチレント・エ・ヴァッロ・ディ・ディアノ国立公園とパドゥーラのカルトゥジオ修道院,40.0666,15.4333,文化遺産,1998,ブルゲリア山地区,Mount Bulgheria region,
31,欧州,イタリア共和国,ヴィッラ・アドリアーナ／ハドリアヌス帝の別荘,41.9459,12.7728,文化遺産,1999,Villa Adriana (Tivoli),,
32,欧州,イタリア共和国,ヴェローナ市街,45.4384,10.9916,文化遺産,2000,City of Verona,,
33,欧州,イタリア共和国,アッシジ、サン・フランチェスコ聖堂と関連遺跡群,43.0749,12.6053,文化遺産,2000,アッシジ,Ville d'Assise,
33,欧州,イタリア共和国,アッシジ、サン・フランチェスコ聖堂と関連遺跡群,43.0615,12.6181,文化遺産,2000,サン・ダミアーノ,San Damiano,
33,欧州,イタリア共和国,アッシジ、サン・フランチェスコ聖堂と関連遺跡群,43.0631,12.6519,文化遺産,2000,カルチェリ庵,Eremo delle Carceri,
33,欧州,イタリア共和国,アッシジ、サン・フランチェスコ聖堂と関連遺跡群,43.0423,12.6199,文化遺産,2000,リヴォトルトの聖域の歴史的景観,Santuario di Rivotorto et paysage historique,
33,欧州,イタリア共和国,アッシジ、サン・フランチェスコ聖堂と関連遺跡群,43.0578,12.5801,文化遺産,2000,サンタ・マリア・デッリ・アンジェリ聖堂,Basilique de Santa Maria degli Angeli,
33,欧州,イタリア共和国,アッシジ、サン・フランチェスコ聖堂と関連遺跡群,43.0585,12.5795,文化遺産,2000,カピターノ・デル・ペルドーノ宮殿,Palazzo Capitano del Perdono,
34,欧州,イタリア共和国,エオーリエ諸島（リーパリ諸島）,38.3926,14.9703,自然遺産,2000,シチリア州：ヴルカーノ島,Vulcano ,,2
34,欧州,イタリア共和国,エオーリエ諸島（リーパリ諸島）,38.4903,14.9327,自然遺産,2000,シチリア州：リーパリ島,Lipari ,
34,欧州,イタリア共和国,エオーリエ諸島（リーパリ諸島）,38.5632,14.8382,自然遺産,2000,シチリア州：サリナ島,Salina,
34,欧州,イタリア共和国,エオーリエ諸島（リーパリ諸島）,38.6364,15.0660,自然遺産,2000,シチリア州：パナレーア島,Isola di Panarea,
34,欧州,イタリア共和国,エオーリエ諸島（リーパリ諸島）,38.6636,15.1142,自然遺産,2000,シチリア州：バジルッツォ島,Isola di Basiluzzo,
34,欧州,イタリア共和国,エオーリエ諸島（リーパリ諸島）,38.5719,14.5597,自然遺産,2000,シチリア州：フィリクディ島,Isola Filicudi,
34,欧州,イタリア共和国,エオーリエ諸島（リーパリ諸島）,38.5434,14.3523,自然遺産,2000,シチリア州：アリクーディ島,Isola Alicudi,
34,欧州,イタリア共和国,エオーリエ諸島（リーパリ諸島）,38.7908,15.2147,自然遺産,2000,シチリア州：ストロンボリ島,Strómboli,
35,欧州,イタリア共和国,ティヴォリのエステ家別荘,41.9633,12.7958,文化遺産,2001,Villa d'Este,,
36,欧州,イタリア共和国,ヴァル・ディ・ノートの後期バロック様式の町々（シチリア島南東部）,37.2382,14.5131,文化遺産,2002,カルタジローネ,Caltagirone,
36,欧州,イタリア共和国,ヴァル・ディ・ノートの後期バロック様式の町々（シチリア島南東部）,37.5038,15.0829,文化遺産,2002,カターニア,Catania,
36,欧州,イタリア共和国,ヴァル・ディ・ノートの後期バロック様式の町々（シチリア島南東部）,37.2739,14.7937,文化遺産,2002,ミリテッロ・イン・ヴァル・ディ・カターニア,Militello In Val di Catania,
36,欧州,イタリア共和国,ヴァル・ディ・ノートの後期バロック様式の町々（シチリア島南東部）,36.8598,14.7609,文化遺産,2002,モディカ,Modica,
36,欧州,イタリア共和国,ヴァル・ディ・ノートの後期バロック様式の町々（シチリア島南東部）,36.8912,15.0693,文化遺産,2002,ノート,Noto,
36,欧州,イタリア共和国,ヴァル・ディ・ノートの後期バロック様式の町々（シチリア島南東部）,37.0618,14.9043,文化遺産,2002,パラッツォーロ・アクレイデ,Palazzolo Acreide,
36,欧州,イタリア共和国,ヴァル・ディ・ノートの後期バロック様式の町々（シチリア島南東部）,36.9256,14.7292,文化遺産,2002,ラグーザ,Ragusa,
36,欧州,イタリア共和国,ヴァル・ディ・ノートの後期バロック様式の町々（シチリア島南東部）,36.7935,14.7062,文化遺産,2002,シクリ,Scicli,
37,欧州,イタリア共和国,ピエモンテとロンバルディアのサクロ・モンテ群,45.8182,8.2563,文化遺産,2003,ヴァラッロ・セジアにあるサクロ・モンテ「新エルサレム」,Sacro Monte o “Nuova Gerusalemme” di Varallo Sesia,
37,欧州,イタリア共和国,ピエモンテとロンバルディアのサクロ・モンテ群,45.0941,8.2757,文化遺産,2003,セッラルンガ・ディ・クレアにあるサンタ・マリア・アッスンタのサクロ・モンテ,Sacro Monte di S.Maria Assunta di Serralunga di Crea,
37,欧州,イタリア共和国,ピエモンテとロンバルディアのサクロ・モンテ群,45.7965,8.4105,文化遺産,2003,オルタ・サン・ジュリオにあるサン・フランチェスコのサクロ・モンテ,Sacro Monte di San Francesco d’Orta San Giulio,
37,欧州,イタリア共和国,ピエモンテとロンバルディアのサクロ・モンテ群,45.8603,8.7928,文化遺産,2003,ヴァレーゼにあるロザリオのサクロ・モンテ,Sacro Monte del Rosario di Varese,
37,欧州,イタリア共和国,ピエモンテとロンバルディアのサクロ・モンテ群,45.6285,7.9783,文化遺産,2003,オロパにあるベアータ・ヴェルジネのサクロ・モンテ,Sacro Monte della Beata Vergine/Oropa,
37,欧州,イタリア共和国,ピエモンテとロンバルディアのサクロ・モンテ群,45.9747,9.1772,文化遺産,2003,オッスッチョにあるベアータ・ヴェルジネ・デル・ソッコルソのサクロ・モンテ,Sacro Monte della Beata Vergine del Soccorso/Ossuccio,
37,欧州,イタリア共和国,ピエモンテとロンバルディアのサクロ・モンテ群,45.9621,8.6154,文化遺産,2003,ギッファにあるサンタ・トリニータのサクロ・モンテ,Sacro Monte della SS.Trinità/Ghiffa,
37,欧州,イタリア共和国,ピエモンテとロンバルディアのサクロ・モンテ群,46.1063,8.2884,文化遺産,2003,ドモドッソラにあるサクロ・モンテ・カルヴァリオ,Sacro Monte Calvario/Domodossola,
37,欧州,イタリア共和国,ピエモンテとロンバルディアのサクロ・モンテ群,45.3688,7.6330,文化遺産,2003,カナヴェーゼのヴァルペルガにあるベルモンテのサクロ・モンテ,Sacro Monte di Belmonte/Valperga Canavese ,
38,欧州,イタリア共和国,サン・ジョルジョ山,45.9139,8.9498,自然遺産,2003,Monte San Giorgio,,
39,欧州,イタリア共和国,オルチャ渓谷,43.0638,11.5601,文化遺産,2004,Val D'Orcia,,
40,欧州,イタリア共和国,チェルヴェテリとタルクイーニアのエトルリア墓地遺跡群,42.0067,12.1019,文化遺産,2004,チェルヴェテリ：バンデタッチャ遺跡のエトルリアのネクロポリス,Cerveteri:Etruscan Necropolis of Banditaccia,
40,欧州,イタリア共和国,チェルヴェテリとタルクイーニアのエトルリア墓地遺跡群,42.2498,11.7676,文化遺産,2004,タルキニア：モンテロッツィ遺跡のエトルリアのネクロポリス,Tarquinia:Etruscan Necropolis of Monterozzi,
41,欧州,イタリア共和国,シラクサとパンタリカの岩壁墓地遺跡,37.1415,15.0297,文化遺産,2005,パンタリカのネクロポリス,Necropolis of Pantalica,
41,欧州,イタリア共和国,シラクサとパンタリカの岩壁墓地遺跡,37.0912,15.2213,文化遺産,2005,エピポラエ、アクラディーナ、テュケーとネアポリス、エウリアロ城、ディオニュシオス城塞とスカラ・グレカ地域,Epipolae/Achradina/Tyche and Neapolis/Euryalus Castle/Dionysian forti ﬁcations and the Scala Greca area,
41,欧州,イタリア共和国,シラクサとパンタリカの岩壁墓地遺跡,37.0611,15.2941,文化遺産,2005,オルティジャ,Ortigia,
42,欧州,イタリア共和国,ジェノヴァ：レ・ストラーデ・ヌオーヴェとパラッツィ・デイ・ロッリ制度,44.4064,8.9331,文化遺産,2006,Genoa: Le Strade Nuove and the system of the Palazzi dei Rolli,,
43,欧州,イタリア共和国,カルパティア山脈と他のヨーロッパ地域のブナ原生林,41.8255,13.7533,自然遺産,2007,アブルッツォ州：ヴァル・チェルヴァーラ,Abruzzo/Lazio & Molise – Valle Cervara,,2
43,欧州,イタリア共和国,カルパティア山脈と他のヨーロッパ地域のブナ原生林,41.8556,13.7090,自然遺産,2007,アブルッツォ州：セルヴァ・モリチェント,Abruzzo/Lazio & Molise – Selva Moricento,
43,欧州,イタリア共和国,カルパティア山脈と他のヨーロッパ地域のブナ原生林,41.8581,13.8473,自然遺産,2007,アブルッツォ州：コッポ・デル・モルト,Abruzzo/Lazio & Molise – Coppo del Morto,
43,欧州,イタリア共和国,カルパティア山脈と他のヨーロッパ地域のブナ原生林,41.7862,13.7695,自然遺産,2007,アブルッツォ州：コッポ・デル・プリンシペ,Abruzzo/Lazio & Molise – Coppo del Principe,
43,欧州,イタリア共和国,カルパティア山脈と他のヨーロッパ地域のブナ原生林,41.7793,13.8567,自然遺産,2007,アブルッツォ州：ヴァル・フォンディージョ,Abruzzo/Lazio & Molise – Val Fondillo,
43,欧州,イタリア共和国,カルパティア山脈と他のヨーロッパ地域のブナ原生林,42.3997,12.1999,自然遺産,2007,モンテ・チミーノ,Monte Cimino,
43,欧州,イタリア共和国,カルパティア山脈と他のヨーロッパ地域のブナ原生林,42.1743,12.1545,自然遺産,2007,モンテ・ラスキオ,Monte Raschio,
43,欧州,イタリア共和国,カルパティア山脈と他のヨーロッパ地域のブナ原生林,43.8475,11.8123,自然遺産,2007,サッソ・フラティーノ自然保護区,Sasso Fratino,
43,欧州,イタリア共和国,カルパティア山脈と他のヨーロッパ地域のブナ原生林,41.8145,15.9981,自然遺産,2007,ファラスコネ（フォレスタ・ウンブラ）,Falascone (Foresta Umbra),
43,欧州,イタリア共和国,カルパティア山脈と他のヨーロッパ地域のブナ原生林,41.8555,16.0167,自然遺産,2007,スフィルツィ（フォレスタ・ウンブラ）,Pavari-Sfilzi (Foresta Umbra),
43,欧州,イタリア共和国,カルパティア山脈と他のヨーロッパ地域のブナ原生林,39.9406,16.1224,自然遺産,2007,コッツォ・フェリエロ（ポッリーノ国立公園）,Cozzo Ferriero (Pollino National Park),
43,欧州,イタリア共和国,カルパティア山脈と他のヨーロッパ地域のブナ原生林,39.8953,16.1720,自然遺産,2007,ポッリネッロ（ポッリーノ国立公園））,Pollinello (Pollino National Park),
43,欧州,イタリア共和国,カルパティア山脈と他のヨーロッパ地域のブナ原生林,38.1530,15.9486,自然遺産,2007,ヴァッレ・インフェルナーレ,Valle Infernale,
44,欧州,イタリア共和国,マントヴァとサッビオネータ,45.1541,10.7912,文化遺産,2008,マントヴァ,Mantova,
44,欧州,イタリア共和国,マントヴァとサッビオネータ,44.9996,10.4909,文化遺産,2008,サッビオネータ,Sabbioneta,
45,欧州,イタリア共和国,レーティッシュ鉄道アルブラ線・ベルニナ線と周辺の景観,46.4979,9.8457,文化遺産,2008,アルブラ線・ベルニナ線サンモリッツ駅,Rhaetian Railway in the Albula/Bernina Landscapes(St.Moritz),
45,欧州,イタリア共和国,レーティッシュ鉄道アルブラ線・ベルニナ線と周辺の景観,46.6982,9.4405,文化遺産,2008,アルブラ線トゥジス駅,Rhaetian Railway in the Albula Landscapes(Thusis),
45,欧州,イタリア共和国,レーティッシュ鉄道アルブラ線・ベルニナ線と周辺の景観,46.2155,10.1669,文化遺産,2008,ベルニナ線ティラーノ駅,Rhaetian Railway in the Bernina Landscapes(Tirano),
46,欧州,イタリア共和国,ドロミーティ,46.4476,12.1136,自然遺産,2009,ペルーノ－クロダ・ダ・ラーゴ,Pelmo-Croda da Lago,
46,欧州,イタリア共和国,ドロミーティ,46.4344,11.8499,自然遺産,2009,マルモラダ,Marmolada,,2
46,欧州,イタリア共和国,ドロミーティ,46.2955,11.9624,自然遺産,2009,サン・ルカーノ,San Lucano,
46,欧州,イタリア共和国,ドロミーティ,46.2663,11.8664,自然遺産,2009,パーレ・ディ・サン・マルティーノ,Pale di San Martino,
46,欧州,イタリア共和国,ドロミーティ,46.0877,11.8595,自然遺産,2009,ヴェッテ・フェルトリーネ,Vette Feltrine,
46,欧州,イタリア共和国,ドロミーティ,46.1695,12.0365,自然遺産,2009,ドロミーティ・ベッルネーシ,Dolomiti Bellunesi ,
46,欧州,イタリア共和国,ドロミーティ,46.2867,12.4384,自然遺産,2009,ドロミーティ・フリウラーネ,Dolomiti Friulane,
46,欧州,イタリア共和国,ドロミーティ,46.4587,12.4246,自然遺産,2009,ドルトレ・ピアーヴェ,d`Oltre Piave,
46,欧州,イタリア共和国,ドロミーティ,46.6122,12.1627,自然遺産,2009,ドロミーティ・セッテントリオナーリ・カドリーン,Dolomiti Settentrionali Cadorine,
46,欧州,イタリア共和国,ドロミーティ,46.5333,11.9166,自然遺産,2009,セット・サッス,Sett Sass,
46,欧州,イタリア共和国,ドロミーティ,46.6034,11.8353,自然遺産,2009,プエツ・オードレ／プエツ・ガイスラー／ポーズ・オードレス,Puez-Odle/Puez-Geisler/Pöz-Odles,
46,欧州,イタリア共和国,ドロミーティ,46.5147,11.5754,自然遺産,2009,シーリアル＝カティナッチョ,Sciliar-Catinaccio,
46,欧州,イタリア共和国,ドロミーティ,46.3625,11.4106,自然遺産,2009,リオ・デッレ・フォリェ,Rio delle Foglie,
46,欧州,イタリア共和国,ドロミーティ,46.1790,10.8993,自然遺産,2009,ドロミーティ・ディ・ブレンタ,Dolomiti di Brenta,
47,欧州,イタリア共和国,アルプス山系の先史時代杭上住居群,46.0204,12.4802,文化遺産,2011,Palù di Livenza – Santissima,,
47,欧州,イタリア共和国,アルプス山系の先史時代杭上住居群,45.4362,10.5366,文化遺産,2011,Lavagnone,,
47,欧州,イタリア共和国,アルプス山系の先史時代杭上住居群,45.5354,10.5577,文化遺産,2011,San Sivino/Gabbiano,,
47,欧州,イタリア共和国,アルプス山系の先史時代杭上住居群,45.4583,10.6435,文化遺産,2011,Lugana Vecchia,,
47,欧州,イタリア共和国,アルプス山系の先史時代杭上住居群,45.5508,10.4881,文化遺産,2011,Lucone,,
47,欧州,イタリア共和国,アルプス山系の先史時代杭上住居群,45.1075,10.3930,文化遺産,2011,Lagazzi del Vho,,
47,欧州,イタリア共和国,アルプス山系の先史時代杭上住居群,45.3712,10.5859,文化遺産,2011,Bande - Corte Carpani,,
47,欧州,イタリア共和国,アルプス山系の先史時代杭上住居群,45.3691,10.6341,文化遺産,2011,Castellaro Lagusello - Fondo Tacoli,,
47,欧州,イタリア共和国,アルプス山系の先史時代杭上住居群,45.8119,8.7178,文化遺産,2011,ヴィルジニア小島,Isolino Virginia/Camilla,
47,欧州,イタリア共和国,アルプス山系の先史時代杭上住居群,45.5685,10.5715,文化遺産,2011,サン・ビアージョ島,Isola di San Biagio,
47,欧州,イタリア共和国,アルプス山系の先史時代杭上住居群,45.7963,8.7556,文化遺産,2011,Bodio centrale o delle Monete,,
47,欧州,イタリア共和国,アルプス山系の先史時代杭上住居群,45.7995,8.6487,文化遺産,2011,Il Sabbione o settentrionale,,
47,欧州,イタリア共和国,アルプス山系の先史時代杭上住居群,45.4180,8.0229,文化遺産,2011,VI.1-Emissario,,
47,欧州,イタリア共和国,アルプス山系の先史時代杭上住居群,45.7337,8.5525,文化遺産,2011,メルラゴ,Mercurago,
47,欧州,イタリア共和国,アルプス山系の先史時代杭上住居群,45.8716,10.7726,文化遺産,2011,モリーナ・ディ・レードロ,Molina di Ledro,
47,欧州,イタリア共和国,アルプス山系の先史時代杭上住居群,46.0046,10.8422,文化遺産,2011,フィアヴェ,Fiavé,
47,欧州,イタリア共和国,アルプス山系の先史時代杭上住居群,45.9983,10.8285,文化遺産,2011,カレーラ湖,Lago Carera,
47,欧州,イタリア共和国,アルプス山系の先史時代杭上住居群,45.4544,10.6582,文化遺産,2011,ベルベデーレ,Belvedere,
47,欧州,イタリア共和国,アルプス山系の先史時代杭上住居群,45.4347,10.6632,文化遺産,2011,フラッシモ,Frassino,
47,欧州,イタリア共和国,アルプス山系の先史時代杭上住居群,45.1825,11.2119,文化遺産,2011,Tombola,,
47,欧州,イタリア共和国,アルプス山系の先史時代杭上住居群,45.2700,11.7432,文化遺産,2011,ラゲット・デラ・コスタ,Laghetto della Costa,
48,欧州,イタリア共和国,ロンゴバルド族の権勢の足跡,46.0935,13.4327,文化遺産,2011,ガスタルダガ地域と司教の建造物群,The Gastaldaga area and the Episcopal complex,
48,欧州,イタリア共和国,ロンゴバルド族の権勢の足跡,45.5398,10.2285,文化遺産,2011,サン・サルヴァトーレ－サンタ・ジュリアの修道院建造物群のあるモニュメント地域,The monumental area with the monastic complex of San Salvatore-Santa Giulia,
48,欧州,イタリア共和国,ロンゴバルド族の権勢の足跡,45.7296,8.8569,文化遺産,2011,トルバ塔のある城塞と城壁外の教会サンタ・マリア・フォリス・ポルタス,The castrum with the Torba Tower and the church outside the walls, Santa Maria foris portas
48,欧州,イタリア共和国,ロンゴバルド族の権勢の足跡,42.7418,12.7436,文化遺産,2011,サン・サルヴァトーレ聖堂,The basilica of San Salvatore,
48,欧州,イタリア共和国,ロンゴバルド族の権勢の足跡,42.8422,12.7568,文化遺産,2011,テンピエット・デル・クリトゥンノ（クリトゥンノ小神殿）,The Clitunno Tempietto,
48,欧州,イタリア共和国,ロンゴバルド族の権勢の足跡,41.1305,14.7811,文化遺産,2011,サンタ・ソフィア建造物群,The Santa Sofia complex,
48,欧州,イタリア共和国,ロンゴバルド族の権勢の足跡,41.7079,15.9547,文化遺産,2011,サン・ミケーレの聖域,The Sanctuary of San Michele,
49,欧州,イタリア共和国,トスカーナ地方のメディチ家の別荘と庭園群,43.9646,11.2951,文化遺産,2013,ヴィッラ・ディ・カファッジョーロ,Villa de Cafaggiolo,
49,欧州,イタリア共和国,トスカーナ地方のメディチ家の別荘と庭園群,43.9531,11.2869,文化遺産,2013,ヴィッラ・デル・トレッビョ,Villa de Il Trebbio,
49,欧州,イタリア共和国,トスカーナ地方のメディチ家の別荘と庭園群,43.8092,11.2495,文化遺産,2013,ヴィッラ・ディ・カレッジ,Villa de Careggi,
49,欧州,イタリア共和国,トスカーナ地方のメディチ家の別荘と庭園群,43.8057,11.2890,文化遺産,2013,ヴィッラ・メディチ・ア・フィエーゾレ,Villa Medici de Fiesole,
49,欧州,イタリア共和国,トスカーナ地方のメディチ家の別荘と庭園群,43.8195,11.2283,文化遺産,2013,ヴィッラ・ディ・カステッロ,Villa de Castello,
49,欧州,イタリア共和国,トスカーナ地方のメディチ家の別荘と庭園群,43.8174,11.0562,文化遺産,2013,ヴィッラ・ディ・ポッジョ・ア・カイアーノ,Villa de Poggio a Caiano,
49,欧州,イタリア共和国,トスカーナ地方のメディチ家の別荘と庭園群,43.8186,11.2349,文化遺産,2013,ヴィッラ・ラ・ペトライア,Villa de la Petraia,
49,欧州,イタリア共和国,トスカーナ地方のメディチ家の別荘と庭園群,43.7624,11.2484,文化遺産,2013,ボーボリ庭園,Jardin de Boboli,
49,欧州,イタリア共和国,トスカーナ地方のメディチ家の別荘と庭園群,43.7587,10.8791,文化遺産,2013,ヴィッラ・ディ・チェッレート・グイディ,Villa de Cerreto Guidi,
49,欧州,イタリア共和国,トスカーナ地方のメディチ家の別荘と庭園群,43.9937,10.2318,文化遺産,2013,パラッツォ・ディ・セラヴェッツァ,Palais de Seravezza,
49,欧州,イタリア共和国,トスカーナ地方のメディチ家の別荘と庭園群,43.8599,11.2982,文化遺産,2013,プラトリーノ庭園,Jardin de Pratolino,
49,欧州,イタリア共和国,トスカーナ地方のメディチ家の別荘と庭園群,43.8516,10.9726,文化遺産,2013,ヴィッラ・ラ・マジア,Villa La Magia,
49,欧州,イタリア共和国,トスカーナ地方のメディチ家の別荘と庭園群,43.7818,11.0442,文化遺産,2013,ヴィッラ・ディ・アルティミーノ,Villa de Artimino,
49,欧州,イタリア共和国,トスカーナ地方のメディチ家の別荘と庭園群,43.7492,11.2476,文化遺産,2013,ヴィッラ・デル・ポッジョ・インペリアーレ,Villa du Poggio Imperiale,
50,欧州,イタリア共和国,エトナ山,37.7510,14.9934,自然遺産,2013,Mount Etna,,
51,欧州,イタリア共和国,ピエモンテのブドウ畑の景観：ランゲ＝ロエロ、モンフェッラート,44.6109,7.94403,文化遺産,2014,ピエモンテ州：バローロのランガ,Langa of Barolo,
51,欧州,イタリア共和国,ピエモンテのブドウ畑の景観：ランゲ＝ロエロ、モンフェッラート,44.6531,7.9949,文化遺産,2014,ピエモンテ州：グリンザーネ・カヴール城,Grinzane Cavour Castle,
51,欧州,イタリア共和国,ピエモンテのブドウ畑の景観：ランゲ＝ロエロ、モンフェッラート,44.7253,8.0808,文化遺産,2014,ピエモンテ州：バルバレスコの丘,Hills of Barbaresco,
51,欧州,イタリア共和国,ピエモンテのブドウ畑の景観：ランゲ＝ロエロ、モンフェッラート,44.7750,8.3601,文化遺産,2014,ピエモンテ州：ニッツァ・モンフェッラート,Nizza Monferrato,
51,欧州,イタリア共和国,ピエモンテのブドウ畑の景観：ランゲ＝ロエロ、モンフェッラート,45.4860,8.1645,文化遺産,2014,ピエモンテ州：バルベーラ,Barbera,
51,欧州,イタリア共和国,ピエモンテのブドウ畑の景観：ランゲ＝ロエロ、モンフェッラート,44.7187,8.2891,文化遺産,2014,ピエモンテ州：カネッリ,Canelli,
51,欧州,イタリア共和国,ピエモンテのブドウ畑の景観：ランゲ＝ロエロ、モンフェッラート,44.8994,8.2066,文化遺産,2014,ピエモンテ州：アスティ・スプマンテ,Asti Spumante,
51,欧州,イタリア共和国,ピエモンテのブドウ畑の景観：ランゲ＝ロエロ、モンフェッラート,45.0753,8.3894,文化遺産,2014,ピエモンテ州：インフェルノットのモンフェッラート,Monferrato of the Inferot,
52,欧州,イタリア共和国,パレルモのアラブ＝ノルマン様式の建造物群及びチェファルとモンレアーレの大聖堂,38.1109,13.3534,文化遺産,2015,ノルマン王宮とパラティーナ礼拝堂,Royal Palace and Palatine Chapel,
52,欧州,イタリア共和国,パレルモのアラブ＝ノルマン様式の建造物群及びチェファルとモンレアーレの大聖堂,38.1096,13.3546,文化遺産,2015,サン・ジョヴァンニ・デリ・エレミティ教会,Church of San Giovanni degli Eremiti,
52,欧州,イタリア共和国,パレルモのアラブ＝ノルマン様式の建造物群及びチェファルとモンレアーレの大聖堂,38.1147,13.3628,文化遺産,2015,サンタ・マリア・デル・アミラグリオ教会（マルトラーナ教会）,Church of Santa Maria dell’Ammiraglio,
52,欧州,イタリア共和国,パレルモのアラブ＝ノルマン様式の建造物群及びチェファルとモンレアーレの大聖堂,38.1147,13.3624,文化遺産,2015,サン・カタルド教会,Church of San Cataldo,
52,欧州,イタリア共和国,パレルモのアラブ＝ノルマン様式の建造物群及びチェファルとモンレアーレの大聖堂,38.1143,13.3560,文化遺産,2015,パレルモ大聖堂,Palermo Cathedral,
52,欧州,イタリア共和国,パレルモのアラブ＝ノルマン様式の建造物群及びチェファルとモンレアーレの大聖堂,38.1167,13.3410,文化遺産,2015,ジサ宮殿（ラ・ジサ）,Zisa Palace,
52,欧州,イタリア共和国,パレルモのアラブ＝ノルマン様式の建造物群及びチェファルとモンレアーレの大聖堂,38.1049,13.3750,文化遺産,2015,アンミラーリオ橋,Admiral’s Bridge,
52,欧州,イタリア共和国,パレルモのアラブ＝ノルマン様式の建造物群及びチェファルとモンレアーレの大聖堂,38.0397,14.0234,文化遺産,2015,チェファル大聖堂,Cefalù Cathedral,
52,欧州,イタリア共和国,パレルモのアラブ＝ノルマン様式の建造物群及びチェファルとモンレアーレの大聖堂,38.0820,13.2923,文化遺産,2015,モンレアーレ大聖堂,Monreale Cathedral,
53,欧州,イタリア共和国,16～17世紀ヴェネツィア共和国の軍事防衛施設群：スタート・ダ・テッラ－西部スタート・ダ・マーレ,45.7041,9.6619,文化遺産,2017,ベルガモの要塞都市,Fortified city of Bergamo,
53,欧州,イタリア共和国,16～17世紀ヴェネツィア共和国の軍事防衛施設群：スタート・ダ・テッラ－西部スタート・ダ・マーレ,45.4390,10.6945,文化遺産,2017,ペスキエーラ・デル・ガルダの要塞都市,Fortified city of Peschiera del Garda,
53,欧州,イタリア共和国,16～17世紀ヴェネツィア共和国の軍事防衛施設群：スタート・ダ・テッラ－西部スタート・ダ・マーレ,45.9052,13.3099,文化遺産,2017,パルマノヴァの都市要塞,City Fortress of Palmanova,
54,欧州,イタリア共和国,20世紀の産業都市：イヴレーア,45.4582,7.8726,文化遺産,2018,ピエモンテ州,Ivrea, industrial city of the 20th century,,2
55,欧州,イタリア共和国,コネリアーノとヴァルドッビアーデネのプロセッコ栽培丘陵群,45.9396,12.1623,文化遺産,2019,Le Colline del Prosecco di Conegliano e Valdobbiadene
56,欧州,イタリア共和国,パドヴァの14世紀フレスコ作品群,45.4118,11.8794,文化遺産,2021,スクロヴェーニ礼拝堂,Scrovegni Chapel,
56,欧州,イタリア共和国,パドヴァの14世紀フレスコ作品群,45.4106,11.8793,文化遺産,2021,エレミターニ教会,Church of the Eremitani,
56,欧州,イタリア共和国,パドヴァの14世紀フレスコ作品群,45.4072,11.8752,文化遺産,2021,ラジョーネ宮,Palazzo de la Ragione,
56,欧州,イタリア共和国,パドヴァの14世紀フレスコ作品群,45.4073,11.8709,文化遺産,2021,カッラレーゼ宮殿礼拝堂,Chapel of the Cararesi 
56,欧州,イタリア共和国,パドヴァの14世紀フレスコ作品群,45.4068,11.8718,文化遺産,2021,パドヴァ大聖堂洗礼堂,Palace Cathedral Baptistery
56,欧州,イタリア共和国,パドヴァの14世紀フレスコ作品群,45.4015,11.8810,文化遺産,2021,サンタントニオ・ディ・パドヴァ聖堂および修道院,Basilica and Monastery of St. Anthony 
56,欧州,イタリア共和国,パドヴァの14世紀フレスコ作品群,45.4009,11.8801,文化遺産,2021,サン・ジョルジョ小礼拝堂,Oratory of St. George
56,欧州,イタリア共和国,パドヴァの14世紀フレスコ作品群,45.4012,11.8690,文化遺産,2021,サン・ミケーレ小礼拝堂,Oratory of St.Michael
57,欧州,イタリア共和国,ボローニャのポルティコ群,44.4912,11.3328,文化遺産,2021,サンタ・カテリーナ,Santa Caterina
57,欧州,イタリア共和国,ボローニャのポルティコ群,44.4904,11.3299,文化遺産,2021,サラゴッツア,Saragozza
57,欧州,イタリア共和国,ボローニャのポルティコ群,44.4889,11.3513,文化遺産,2021,サント・ステファノ,Santo Stefano
57,欧州,イタリア共和国,ボローニャのポルティコ群,44.4939,11.3464,文化遺産,2021,メルカンツィア,Mercanzia
57,欧州,イタリア共和国,ボローニャのポルティコ群,44.4975,11.3418,文化遺産,2021,ガッリエーラ,Galliera
57,欧州,イタリア共和国,ボローニャのポルティコ群,44.4857,11.3545,文化遺産,2021,バラッカーノ,Baraccano
57,欧州,イタリア共和国,ボローニャのポルティコ群,44.4917,11.3433,文化遺産,2021,パヴァリオーネ,Pavaglione
57,欧州,イタリア共和国,ボローニャのポルティコ群,44.4937,11.3430,文化遺産,2021,バンキとマッジョーレ広場,Banchi e Piazza Maggiore
57,欧州,イタリア共和国,ボローニャのポルティコ群,44.4853,11.3019,文化遺産,2021,サン・ルカ,San Luca
57,欧州,イタリア共和国,ボローニャのポルティコ群,44.4967,11.3524,文化遺産,2021,ウニヴェルシタとアッカデミア（大学とアカデミー）,Università e Accademia
57,欧州,イタリア共和国,ボローニャのポルティコ群,44.4932,11.3108,文化遺産,2021,チェルトーザ,Certosa
57,欧州,イタリア共和国,ボローニャのポルティコ群,44.4914,11.3445,文化遺産,2021,カヴール、ファリーニとミンゲッティ,Cavour, Farini e Minghetti
57,欧州,イタリア共和国,ボローニャのポルティコ群,44.4920,11.3520,文化遺産,2021,ストラーダ・マッジョーレ（マッジョーレ通り）,Strada Maggiore
57,欧州,イタリア共和国,ボローニャのポルティコ群,44.5026,11.3368,文化遺産,2021,マンボ（ボローニャ現代美術館MAMbo）,MamBo
57,欧州,イタリア共和国,ボローニャのポルティコ群,44.4948,11.2845,文化遺産,2021,トレノ・デッラ・バルカ（バルカ地区のトレノ）,Treno della Barca
58,欧州,イタリア共和国,ヨーロッパの大温泉都市群：モンテカティーニ・テルメ,43.8883,10.7768,文化遺産,2021,Montecatini Terme
59,欧州,イタリア共和国,アペニン山脈北部の蒸発岩カルストと洞窟群,44.3798,10.3889,自然遺産,2023,トスコ-エミリアーノアペニン国立公園,Alta Valle secchia
59,欧州,イタリア共和国,アペニン山脈北部の蒸発岩カルストと洞窟群,44.5920,10.6030,自然遺産,2023,コッリーナ・レッジャ―ナ保護景観地区,Bassa collina reggiana
59,欧州,イタリア共和国,アペニン山脈北部の蒸発岩カルストと洞窟群,44.4632,11.2163,自然遺産,2023,ナトゥラ2000（EU自然保護区ネットワーク）,Gessi di Zola predosa
59,欧州,イタリア共和国,アペニン山脈北部の蒸発岩カルストと洞窟群,44.4364,11.3951,自然遺産,2023,ジェッシ・ボロニェージ・エ・カランキ・デッラッバデッサ州立公園,Gessi Bolognesi
59,欧州,イタリア共和国,アペニン山脈北部の蒸発岩カルストと洞窟群,44.2788,11.5729,自然遺産,2023,ヴェ―ナ・デル・ジェッソ・ロマニョーラ州立公園,Vena del Gesso Romagnola - M.te Penzola
59,欧州,イタリア共和国,アペニン山脈北部の蒸発岩カルストと洞窟群,44.2635,11.6322,自然遺産,2023,ヴェ―ナ・デル・ジェッソ・ロマニョーラ州立公園,Vena del Gesso Romagnola - M.te Casino
59,欧州,イタリア共和国,アペニン山脈北部の蒸発岩カルストと洞窟群,44.2379,11.7066,自然遺産,2023,ヴェ―ナ・デル・ジェッソ・ロマニョーラ州立公園,Vena del Gesso Romagnola - M.te Mauro
59,欧州,イタリア共和国,アペニン山脈北部の蒸発岩カルストと洞窟群,43.9180,12.3458,自然遺産,2023,ナトゥラ2000,Evaporiti di San Leo
59,欧州,イタリア共和国,アペニン山脈北部の蒸発岩カルストと洞窟群,43.8749,12.5475,自然遺産,2023,オンフェルノ州立自然保護地区,Gessi di Onferno
60,欧州,イタリア共和国,アッピア街道：レジーナ・ヴィアルム（街道の女王）,41.8465,12.5307,文化遺産,2024,The Via Appia in Rome from the 1st to the 13th mile,,
60,欧州,イタリア共和国,アッピア街道：レジーナ・ヴィアルム（街道の女王）,41.7224,12.6650,文化遺産,2024,The Via Appia across Alban Hills,,
60,欧州,イタリア共和国,アッピア街道：レジーナ・ヴィアルム（街道の女王）,41.2927,13.2627,文化遺産,2024,Tarracina and the crossing of the Lautulae Pass,,
60,欧州,イタリア共和国,アッピア街道：レジーナ・ヴィアルム（街道の女王）,41.3587,13.4270,文化遺産,2024,The Via Appia in Fundi,,
60,欧州,イタリア共和国,アッピア街道：レジーナ・ヴィアルム（街道の女王）,41.3190,13.4815,文化遺産,2024,The Via Appia at the Itri Pass,,
60,欧州,イタリア共和国,アッピア街道：レジーナ・ヴィアルム（街道の女王）,41.2530,13.5944,文化遺産,2024,The Via Appia from 83rd mile to Formiae,,
60,欧州,イタリア共和国,アッピア街道：レジーナ・ヴィアルム（街道の女王）,41.2405,13.7673,文化遺産,2024,Minturnae and the Garigliano crossing,,
60,欧州,イタリア共和国,アッピア街道：レジーナ・ヴィアルム（街道の女王）,41.1378,13.8584,文化遺産,2024,The Via Appia from Sinuessa to the Pagus Sarclanus,,
60,欧州,イタリア共和国,アッピア街道：レジーナ・ヴィアルム（街道の女王）,41.0831,14.2547,文化遺産,2024,Ancient Capua,,
60,欧州,イタリア共和国,アッピア街道：レジーナ・ヴィアルム（街道の女王）,41.1312,14.7746,文化遺産,2024,Beneventum and the Arch of Trajan,,
60,欧州,イタリア共和国,アッピア街道：レジーナ・ヴィアルム（街道の女王）,41.0745,14.9323,文化遺産,2024,The Via Appia on the route from Beneventum to Aeclanum,,
60,欧州,イタリア共和国,アッピア街道：レジーナ・ヴィアルム（街道の女王）,40.9485,15.9099,文化遺産,2024,The Via Appia in the upper Bradano Valley,,
60,欧州,イタリア共和国,アッピア街道：レジーナ・ヴィアルム（街道の女王）,40.4711,17.2420,文化遺産,2024,Tarentum,,
60,欧州,イタリア共和国,アッピア街道：レジーナ・ヴィアルム（街道の女王）,40.5146,17.6198,文化遺産,2024,The Via Appia from Mesochorum to Scamnum,,
60,欧州,イタリア共和国,アッピア街道：レジーナ・ヴィアルム（街道の女王）,40.6369,17.9437,文化遺産,2024,Brundisium,,
60,欧州,イタリア共和国,アッピア街道：レジーナ・ヴィアルム（街道の女王）,41.2029,14.9652,文化遺産,2024,The Appia Traiana from Beneventum to Aequum Tuticum,,
60,欧州,イタリア共和国,アッピア街道：レジーナ・ヴィアルム（街道の女王）,41.3460,15.4832,文化遺産,2024,The Appia Traiana from Aecae to Herdonia,,
60,欧州,イタリア共和国,アッピア街道：レジーナ・ヴィアルム（街道の女王）,41.2988,16.1302,文化遺産,2024,The Appia Traiana at Canusium and the Ofanto course,,
60,欧州,イタリア共和国,アッピア街道：レジーナ・ヴィアルム（街道の女王）,40.7551,17.6763,文化遺産,2024,The Appia Traiana along the Adriatic coast through Egnatia,,
1,アジア,中華人民共和国,泰山,36.2580,117.1019,複合遺産,1987,Mount Taishan
2,アジア,中華人民共和国,万里の長城,40.3570,116.0207,文化遺産,1987,北京市 八達嶺,八达岭:Badaling,,"3,2"
2,アジア,中華人民共和国,万里の長城,39.9676,119.7927,文化遺産,1987,河北省 山海関,山海关:Shanhaiguan
2,アジア,中華人民共和国,万里の長城,39.8013,98.2224,文化遺産,1987,甘粛省 嘉峪関,嘉峪关:Jiayuguan
3,アジア,中華人民共和国,故宮（北京と瀋陽の明・清王朝皇宮群）,39.9204,116.3968,文化遺産,1987,北京市 故宮,故宫:The Imperial Palace of the Ming and Qing Dynasties in Beijing,,3
3,アジア,中華人民共和国,故宮（北京と瀋陽の明・清王朝皇宮群）,41.7982,123.4557,文化遺産,2004,遼寧省 瀋陽市,沈阳市 沈阳故宫:The Imperial Palace of the Qing Dynasty in Shenyang
4,アジア,中華人民共和国,敦煌の莫高窟,40.0412,94.8091,文化遺産,1987,甘粛省 敦煌市,莫高窟:Mogao Caves,,3
5,アジア,中華人民共和国,秦の始皇帝陵と兵馬俑坑,34.3839,109.2808,文化遺産,1987,陕西省 西安市,秦始皇陵及兵马俑坑:Mausoleum of the First Qin Emperor,,3
6,アジア,中華人民共和国,周口店の北京原人遺跡,39.6880,115.9285,文化遺産,1987,北京市,周口店遗址:Peking Man Site at Zhoukoudian,,1
7,アジア,中華人民共和国,黄山,30.1374,118.1652,複合遺産,1990,安徽省 黄山市,黄山:Mount Huangshan,,2
8,アジア,中華人民共和国,九寨溝：歴史的・景観的重要地区,33.2438,103.9357,自然遺産,1992,四川省,九寨沟风景名胜区:Jiuzhaigou Valley Scenic and Historic Interest Area
9,アジア,中華人民共和国,黄龍：歴史的・景観的重要地区,32.7400,103.8331,自然遺産,1992,四川省 アバ・チベット族チャン族自治州松潘県,黄龙风景名胜区:Huanglong Scenic and Historic Interest Area,,2
10,アジア,中華人民共和国,武陵源の景観と歴史地域,29.3372,110.5256,自然遺産,1992,湖南省 張家界市,武陵源风景名胜区:Wulingyuan Scenic and Historic Interest Area,,1
11,アジア,中華人民共和国,承徳避暑山荘と外八廟,40.9944,117.9358,文化遺産,1994,河北省 承德市,承德避暑山庄及其周围寺庙:Mountain Resort and its Outlying Temples/Chengde,,1
12,アジア,中華人民共和国,曲阜の孔子廟・墓地・孔子家族邸宅,35.5964,116.9922,文化遺産,1994,山東省 曲阜市,曲阜孔庙、孔林和孔府:Temple and Cemetery of Confucius and the Kong Family Mansion in Qufu,,3
13,アジア,中華人民共和国,武当山の古代建築群,32.4966,111.0933,文化遺産,1994,湖北省 十堰市,武当山古建筑群:Ancient Building Complex in the Wudang Mountains
14,アジア,中華人民共和国,ラサのポタラ宮の歴史的遺跡群,29.6578,91.1175,文化遺産,1994,チベット ラサ/ポタラ宮,布达拉宫:Potala Palace,,"3,2"
14,アジア,中華人民共和国,ラサのポタラ宮の歴史的遺跡群,29.6502,91.1335,文化遺産,1994,チベット ラサ/ジョカン寺,大昭寺:Jokhang Temple Monastery
14,アジア,中華人民共和国,ラサのポタラ宮の歴史的遺跡群,29.6514,91.0930,文化遺産,1994,チベット ラサ/ノルブリンカ,罗布林卡:Norbulingka
15,アジア,中華人民共和国,廬山国立公園,29.5566,115.9810,文化遺産,1996,江西省 九江市,庐山:Lushan National Park,,1
16,アジア,中華人民共和国,峨眉山と楽山大仏,29.5175,103.3384,複合遺産,1996,四川省 峨眉山,峨眉山:Mount Emei Scenic Area,,1
16,アジア,中華人民共和国,峨眉山と楽山大仏,29.5441,103.7715,複合遺産,1996,四川省 楽山大仏,乐山大佛:Leshan Giant Buddha Scenic Area
17,アジア,中華人民共和国,麗江の旧市街,26.8746,100.2361,文化遺産,1997,雲南省 麗江市,大研古城:Dayan Old Town,,2
17,アジア,中華人民共和国,麗江の旧市街,26.8833,100.2334,文化遺産,1997,雲南省 麗江市,黑龙潭:Heilongtan Pool
17,アジア,中華人民共和国,麗江の旧市街,26.9537,100.2163,文化遺産,1997,雲南省 麗江市,白沙古建筑群:Baisha Village
17,アジア,中華人民共和国,麗江の旧市街,26.9224,100.2022,文化遺産,1997,雲南省 麗江市,束河古建筑群:Shuhe Town
18,アジア,中華人民共和国,平遥の古城,37.1991,112.1837,文化遺産,1997,山西省 晋中市 平遥県/平遥の古城,平遥古城:Ancient City of Ping Yao,,1
18,アジア,中華人民共和国,平遥の古城,37.2858,112.2789,文化遺産,1997,山西省 晋中市 平遥県/鎮国寺,镇国寺:Zhen Guo Temple
18,アジア,中華人民共和国,平遥の古城,37.1711,112.1315,文化遺産,1997,山西省 晋中市 平遥県/双林寺,双林寺:Shuang Lin Temple
19,アジア,中華人民共和国,蘇州の古典園林,31.3241,120.6291,文化遺産,1997,江蘇省 蘇州市/拙政園,拙政园:The Humble Administrator's Garden,,1
19,アジア,中華人民共和国,蘇州の古典園林,31.3156,120.5925,文化遺産,1997,江蘇省 蘇州市/留園,留园:The Lingering Garden
19,アジア,中華人民共和国,蘇州の古典園林,31.2978,120.6341,文化遺産,1997,江蘇省 蘇州市/網師園,网师园:The Master-of-Nets Garden
19,アジア,中華人民共和国,蘇州の古典園林,31.3102,120.6135,文化遺産,1997,江蘇省 蘇州市/環秀山荘,环秀山庄:The Mountain Villa with Embracing Beauty
19,アジア,中華人民共和国,蘇州の古典園林,31.2946,120.6255,文化遺産,2000,江蘇省 蘇州市/滄浪亭,沧浪亭:The Canglang Pavilion
19,アジア,中華人民共和国,蘇州の古典園林,31.3212,120.6288,文化遺産,2000,江蘇省 蘇州市/獅子林,狮子林:The Lion Forest Garden
19,アジア,中華人民共和国,蘇州の古典園林,31.3161,120.6386,文化遺産,2000,江蘇省 蘇州市/芸圃,艺圃:The Garden of Cultivation
19,アジア,中華人民共和国,蘇州の古典園林,31.1578,120.7201,文化遺産,2000,江蘇省 蘇州市/退思園,退思园:The Retreat & Reflection Garden
20,アジア,中華人民共和国,頤和園,39.9929,116.2733,文化遺産,1998,北京市,颐和园:Summer Palace(an Imperial Garden in Beijing)
21,アジア,中華人民共和国,天壇：北京の皇帝の祭壇,39.8822,116.4065,文化遺産,1998,北京市,天坛:Temple of Heaven: an Imperial Sacrificial Altar in Beijing,,1
22,アジア,中華人民共和国,武夷山,27.7245,117.7333,複合遺産,1999,福建省,武夷山:Mount Wuyi (Part 1),,1
22,アジア,中華人民共和国,武夷山,27.5551,118.0461,複合遺産,1999,福建省 南平市,南平市武夷山风景名胜区:Mount Wuyi (Part 2)
23,アジア,中華人民共和国,大足石刻,29.7121,105.7104,文化遺産,1999,重慶市 北山,北山:Beishan Cliffside Carvings,,1
23,アジア,中華人民共和国,大足石刻,29.7487,105.7690,文化遺産,1999,重慶市 宝頂山,宝顶山:Baodingshan Cliffside Carvings
23,アジア,中華人民共和国,大足石刻,29.6830,105.7198,文化遺産,1999,重慶市 南山,南山:Nanshan Cliffside Carvings
23,アジア,中華人民共和国,大足石刻,29.5923,105.5774,文化遺産,1999,重慶市 石篆山,石篆山:Shizhuanshan Cliffside Carvings
23,アジア,中華人民共和国,大足石刻,29.6330,105.8358,文化遺産,1999,重慶市 石門山,石门山:Shimenshan Cliffside Carvings
24,アジア,中華人民共和国,青城山と都江堰水利施設,31.0052,103.6075,文化遺産,2000,四川省 成都市/都江堰（とこうえん）,都江堰:The Dujiangyan Irrigation System,,1
24,アジア,中華人民共和国,青城山と都江堰水利施設,30.9011,103.5712,文化遺産,2000,四川省 成都市/青城山（せいじょうさん）,青城山:Mount Qingcheng
25,アジア,中華人民共和国,安徽省南部の古村落ー西逓・宏村,30.0040,117.9896,文化遺産,2000,安徽省 黄山市 黟県 宏村,宏村:Hongcun,,1
25,アジア,中華人民共和国,安徽省南部の古村落ー西逓・宏村,29.9038,117.9954,文化遺産,2000,安徽省 黄山市 黟県 西递,西递:Xidi
26,アジア,中華人民共和国,龍門石窟,34.5598,112.4678,文化遺産,2000,河南省 洛陽市,洛阳市 龙门石窟:Longmen Grottoes,,1
27,アジア,中華人民共和国,明・清朝の皇帝陵墓群,31.2021,112.6407,文化遺産,2000,湖北省 荊門市 鍾祥市 明顕陵,明显陵:Xianling Tomb,,1
27,アジア,中華人民共和国,明・清朝の皇帝陵墓群,40.1857,117.6393,文化遺産,2000,河北省 唐山市 清東陵,清东陵:Eastern Qing Tombs
27,アジア,中華人民共和国,明・清朝の皇帝陵墓群,39.3840,115.4030,文化遺産,2000,河北省 保定市 清西陵,清西陵:Western Qing Tombs
27,アジア,中華人民共和国,明・清朝の皇帝陵墓群,40.2551,116.2235,文化遺産,2003,北京市昌平区 明の十三陵,明十三陵:Ming Tombs
27,アジア,中華人民共和国,明・清朝の皇帝陵墓群,32.0582,118.8519,文化遺産,2003,江蘇省 南京市 明孝陵,明孝陵:Xiaoling Tomb including area from Treasure Mound to Shenlieshan Stele including Plum Blossom Hill and Big Golden Gate
27,アジア,中華人民共和国,明・清朝の皇帝陵墓群,32.0618,118.8215,文化遺産,2003,江蘇省 南京市,常遇春墓:Tomb of Chang Yuchun
27,アジア,中華人民共和国,明・清朝の皇帝陵墓群,32.0617,118.8203,文化遺産,2003,江蘇省 南京市,仇成墓:Tomb of Qiu Cheng
27,アジア,中華人民共和国,明・清朝の皇帝陵墓群,32.0666,118.8308,文化遺産,2003,江蘇省 南京市,呉良墓:Tomb of Wu Liang
27,アジア,中華人民共和国,明・清朝の皇帝陵墓群,32.0679,118.8325,文化遺産,2003,江蘇省 南京市,呉禎墓:Tomb of Wu Zhen
27,アジア,中華人民共和国,明・清朝の皇帝陵墓群,32.0738,118.8254,文化遺産,2003,江蘇省 南京市,徐達墓:Tomb of Xu Da
27,アジア,中華人民共和国,明・清朝の皇帝陵墓群,32.0790,118.8297,文化遺産,2003,江蘇省 南京市,李文忠墓:Tomb of Li Wenzhong
27,アジア,中華人民共和国,明・清朝の皇帝陵墓群,41.7102,124.8025,文化遺産,2004,遼寧省 撫順市,抚顺市 清永陵:Yongling Tomb of the Qing Dynasty
27,アジア,中華人民共和国,明・清朝の皇帝陵墓群,41.8300,123.5911,文化遺産,2004,遼寧省 瀋陽市,沈阳市 清福陵:Fuling Tomb of the Qing Dynasty
27,アジア,中華人民共和国,明・清朝の皇帝陵墓群,41.8399,123.4281,文化遺産,2004,遼寧省 瀋陽市,沈阳市 清昭陵:Zhaoling Tomb of the Qing Dynasty
28,アジア,中華人民共和国,雲崗石窟,40.1115,113.1366,文化遺産,2001,山西省 大同市,云冈石窟:Yungang Grottoes,,2
29,アジア,中華人民共和国,雲南保護地域の三江併流群,25.8499,98.8581,自然遺産,2003,雲南省,三江并流:Three Parallel Rivers of Yunnan Protected Areas,,1
30,アジア,中華人民共和国,古代高句麗王国の都城と古墳群,41.3278,125.4174,文化遺産,2004,遼寧省 本渓市,五女山城:Wunu Mountain City,,1
30,アジア,中華人民共和国,古代高句麗王国の都城と古墳群,41.1213,126.1892,文化遺産,2004,吉林省 通化市,国内城:Guonei City
30,アジア,中華人民共和国,古代高句麗王国の都城と古墳群,41.1564,126.1502,文化遺産,2004,遼寧省 本渓市,丸都山城:Wandu Mountain City
30,アジア,中華人民共和国,古代高句麗王国の都城と古墳群,41.1860,126.2754,文化遺産,2004,?????,Ranmou Tomb and Huanwen Tomb
30,アジア,中華人民共和国,古代高句麗王国の都城と古墳群,41.2456,126.3443,文化遺産,2004,吉林省 通化市,長川古墓群:Changchuan Tomb No. 1/2/4
31,アジア,中華人民共和国,マカオの歴史地区,22.1909,113.5365,文化遺産,2005,澳门历史城区:Zone 1 (Between Mount Hill and Barra Hill),,,2
31,アジア,中華人民共和国,マカオの歴史地区,22.1969,113.5499,文化遺産,2005,澳门历史城区:Zone 2 (Guia Hill)
32,アジア,中華人民共和国,殷墟,36.1206,114.3250,文化遺産,2006,河南省 安阳市 殷墟宮殿宗廟遺址,Palace and Royal Ancestral Shrines Area,,2
32,アジア,中華人民共和国,殷墟,36.1421,114.3097,文化遺産,2006,河南省 安阳市 殷墟王陵遺址,Royal Tombs Area
33,アジア,中華人民共和国,四川省のジャイアントパンダ保護区群,31.1383,103.1432,自然遺産,2006,四川省 汶川県,四川大熊猫栖息地:臥竜自然保護区,,2
33,アジア,中華人民共和国,四川省のジャイアントパンダ保護区群,30.5653,102.8796,自然遺産,2006,四川省 宝興県,四川大熊猫栖息地:蜂桶寨自然保護区
33,アジア,中華人民共和国,四川省のジャイアントパンダ保護区群,31.0533,103.3206,自然遺産,2006,四川省 小金県,四川大熊猫栖息地:四姑娘山自然保護区
33,アジア,中華人民共和国,四川省のジャイアントパンダ保護区群,30.2836,102.4876,自然遺産,2006,四川省 雅安市 天全県,四川大熊猫栖息地:喇叭河自然保護区
33,アジア,中華人民共和国,四川省のジャイアントパンダ保護区群,30.1427,102.4175,自然遺産,2006,四川省 雅安市 芦山県/大邑県,四川大熊猫栖息地:黒水河自然保護区
33,アジア,中華人民共和国,四川省のジャイアントパンダ保護区群,30.4632,102.9278,自然遺産,2006,四川省 康定県,四川大熊猫栖息地:金湯孔玉自然保護区
33,アジア,中華人民共和国,四川省のジャイアントパンダ保護区群,29.9264,102.9967,自然遺産,2006,四川省 汶川県,四川大熊猫栖息地:草坡自然保護区
33,アジア,中華人民共和国,四川省のジャイアントパンダ保護区群,30.8958,103.5934,自然遺産,2006,四川省 都江堰市,四川大熊猫栖息地:青城山-都江堰風景名勝区
33,アジア,中華人民共和国,四川省のジャイアントパンダ保護区群,30.2522,103.0930,自然遺産,2006,四川省 邛崍市,四川大熊猫栖息地:天台山風景区
33,アジア,中華人民共和国,四川省のジャイアントパンダ保護区群,31.1146,102.8896,自然遺産,2006,四川省 小金県,四川大熊猫栖息地:四姑娘山風景名勝区
33,アジア,中華人民共和国,四川省のジャイアントパンダ保護区群,30.6581,103.2090,自然遺産,2006,四川省 大邑県,四川大熊猫栖息地:西嶺雪山風景名勝区
33,アジア,中華人民共和国,四川省のジャイアントパンダ保護区群,30.8208,103.4450,自然遺産,2006,四川省 崇州市,四川大熊猫栖息地:鶏冠山-九竜溝風景名勝区
33,アジア,中華人民共和国,四川省のジャイアントパンダ保護区群,30.6840,102.7472,自然遺産,2006,四川省 宝興県,四川大熊猫栖息地:夾金山風景名勝区
33,アジア,中華人民共和国,四川省のジャイアントパンダ保護区群,31.6114,102.8186,自然遺産,2006,四川省 理県,四川大熊猫栖息地:米亜羅風景名勝区
33,アジア,中華人民共和国,四川省のジャイアントパンダ保護区群,30.6796,103.2145,自然遺産,2006,四川省 芦山県,四川大熊猫栖息地:霊鷲山—大雪峰風景名勝区
33,アジア,中華人民共和国,四川省のジャイアントパンダ保護区群,30.0829,103.0732,自然遺産,2006,四川省 天全県,四川大熊猫栖息地:二郎山風景名勝区
34,アジア,中華人民共和国,開平楼閣と村落,22.3568,112.6139,文化遺産,2007,広東省 開平市:三門里の迎龍楼,迎龙楼和三门里村:Yinglong Lou (at Sanmenli Village),,1
34,アジア,中華人民共和国,開平楼閣と村落,22.3734,112.5788,文化遺産,2007,広東省 開平市:自力村および望楼,自立村和方氏灯楼:Zili Village and the Fang Clan Watch Tower
34,アジア,中華人民共和国,開平楼閣と村落,22.2895,112.5704,文化遺産,2007,広東省 開平市:馬降龍村落群,马降龙村碉楼群:Majianlong Village Cluster
34,アジア,中華人民共和国,開平楼閣と村落,22.2584,112.5256,文化遺産,2007,広東省 開平市:錦江里,锦江里村:Jingjiangli Village
35,アジア,中華人民共和国,中国南方カルスト,24.8083,103.3223,自然遺産,2007,雲南省 昆明市,石林-乃古石林:Shilin Karst–Naigu Stone Forest,,1
35,アジア,中華人民共和国,中国南方カルスト,24.7217,103.3773,自然遺産,2007,雲南省 昆明市,石林-所各邑村:Shilin Karst–‘Suogeyi Village’
35,アジア,中華人民共和国,中国南方カルスト,25.2870,107.7564,自然遺産,2007,貴州省 黔南プイ族ミャオ族自治州,茘波-大七孔:Libo Karst-‘Dongduo’
35,アジア,中華人民共和国,中国南方カルスト,29.2430,107.5572,自然遺産,2007,重慶市,武隆-箐口天:Wulong Karst–Qingkou Giant Doline (Tiankeng)
35,アジア,中華人民共和国,中国南方カルスト,29.4284,107.7953,自然遺産,2007,重慶市,武隆-天生三橋:Wulong Karst–Three Natural Bridges
35,アジア,中華人民共和国,中国南方カルスト,29.2219,107.9087,自然遺産,2007,重慶市,武隆-芙蓉洞:Wulong Karst–Furong Cave
35,アジア,中華人民共和国,中国南方カルスト,24.9116,110.3762,自然遺産,2014,桂林-葡萄鎮峰林,Guilin Karst-Putao Fenling Karst Section
35,アジア,中華人民共和国,中国南方カルスト,25.0019,110.4210,自然遺産,2014,桂林-漓江峰叢,Guilin Karst-Lijiang Fengcong Karst Section
35,アジア,中華人民共和国,中国南方カルスト,27.1651,108.0934,自然遺産,2014,貴州省,施秉:Shibing Karst
35,アジア,中華人民共和国,中国南方カルスト,29.0194,107.1744,自然遺産,2014,重慶市,金仏山:Jinfoshan Karst
35,アジア,中華人民共和国,中国南方カルスト,25.1659,107.9943,自然遺産,2014,広西チワン族自治区,環江:Huanjiang Karst
36,アジア,中華人民共和国,福建の土楼,24.5488,116.9020,文化遺産,2008,福建省 永定区 初渓土楼群,初溪土楼群:Chuxi Tulou Cluster,,2
36,アジア,中華人民共和国,福建の土楼,24.6507,116.9733,文化遺産,2008,福建省 龙岩市 洪坑土楼群,洪坑土楼群:Hokgkeng Tulou Cluster
36,アジア,中華人民共和国,福建の土楼,24.6635,117.0036,文化遺産,2008,福建省 龙岩市 高北土楼群,高北土楼群:Gaobei Tulou Cluster
36,アジア,中華人民共和国,福建の土楼,24.6091,116.9699,文化遺産,2008,福建省 龙岩市 衍香楼,衍香楼:Yanxiang Lou
36,アジア,中華人民共和国,福建の土楼,24.6349,116.9497,文化遺産,2008,福建省 龙岩市 振福楼,振福楼:Zhenfu Lou
36,アジア,中華人民共和国,福建の土楼,24.5869,117.0558,文化遺産,2008,福建省 漳州市 田螺坑土楼群,田螺坑土楼群:Tianloukeng Tulou Cluster
36,アジア,中華人民共和国,福建の土楼,24.6507,117.0536,文化遺産,2008,福建省 漳州市 河坑土楼群,河坑土楼群:Hekeng Tulou Cluster
36,アジア,中華人民共和国,福建の土楼,24.6743,117.0883,文化遺産,2008,福建省 漳州市 懐遠楼,怀远楼:Huaiyuan Lou
36,アジア,中華人民共和国,福建の土楼,24.6609,117.0875,文化遺産,2008,福建省 漳州市 和貴楼,和贵楼:Hegui Lou
36,アジア,中華人民共和国,福建の土楼,25.0235,117.6867,文化遺産,2008,福建 漳州市 大地土楼群,大地土楼群:Dadi Tulou Cluster
37,アジア,中華人民共和国,三清山国立公園,28.9100,118.0676,自然遺産,2008,江西省 上饒市玉山県と徳興市,三清山风景名胜区:Mount Sanqingshan National Park,,1
38,アジア,中華人民共和国,五台山,38.9678,113.5908,文化遺産,2009,山西省忻州市,五台山-台懐:Mount Wutai-Taihuai,,1
38,アジア,中華人民共和国,五台山,38.8702,113.3939,文化遺産,2009,山西省 忻州市,五台山-佛光寺:Mount Wutai-Foguang Temple
39,アジア,中華人民共和国,「天地の中央」にある登封の史跡群,34.4503,113.0743,文化遺産,2010,河南省 郑州市 登封市,太室闕:Taishi Que Gates,,1
39,アジア,中華人民共和国,「天地の中央」にある登封の史跡群,34.4571,113.0741,文化遺産,2010,河南省 郑州市 登封市,中岳廟:Zhongue Temple
39,アジア,中華人民共和国,「天地の中央」にある登封の史跡群,34.4975,112.9827,文化遺産,2010,河南省 郑州市 登封市,少室阙:Shaoshi Que Gates
39,アジア,中華人民共和国,「天地の中央」にある登封の史跡群,34.4728,113.0470,文化遺産,2010,河南省 郑州市 登封市,啓母闕:Qimu Que Gates
39,アジア,中華人民共和国,「天地の中央」にある登封の史跡群,34.5003,113.0224,文化遺産,2010,河南省 郑州市 登封市,嵩岳寺塔:Songye Temple Pagoda
39,アジア,中華人民共和国,「天地の中央」にある登封の史跡群,34.5071,112.9355,文化遺産,2010,河南省 郑州市 登封市,少林寺建築群:Architectural Complex of Shaolin Temple (Kernel Compound/Chuzu Temple-Pagoda Forest)
39,アジア,中華人民共和国,「天地の中央」にある登封の史跡群,34.4920,113.0049,文化遺産,2010,河南省 郑州市 登封市,会善寺:Huishan Temple
39,アジア,中華人民共和国,「天地の中央」にある登封の史跡群,34.4792,113.0336,文化遺産,2010,河南省 郑州市 登封市:嵩陽書院,嵩阳书院:Songyang Academy of Classical Learning
39,アジア,中華人民共和国,「天地の中央」にある登封の史跡群,34.4005,113.1471,文化遺産,2010,河南省 郑州市 登封市:周公測景台と観星台,周公测景台和观星台:Observatory
40,アジア,中華人民共和国,中国の丹霞地形,28.3693,105.7941,自然遺産,2010,貴州省 赤水風景名勝区,赤水西部:Chishui-West Section,,1
40,アジア,中華人民共和国,中国の丹霞地形,28.4213,106.0424,自然遺産,2010,貴州省 赤水杪欏国家級自然保護区,赤水東部:Chishui-East Section
40,アジア,中華人民共和国,中国の丹霞地形,28.5016,106.4086,自然遺産,2010,貴州省 習水亜熱帯常緑樹林国家級自然保護区,赤水東部:Chishui-East Section
40,アジア,中華人民共和国,中国の丹霞地形,26.8976,117.0852,自然遺産,2010,福建省 泰寧風景名勝区,泰寧北部:Taining-North Section
40,アジア,中華人民共和国,中国の丹霞地形,26.8834,117.0865,自然遺産,2010,福建省 泰寧世界地質公園,泰寧南部:Taining-South Section
40,アジア,中華人民共和国,中国の丹霞地形,26.3948,110.8138,自然遺産,2010,湖南省 崀山風景名勝区,崀山:Langshan
40,アジア,中華人民共和国,中国の丹霞地形,25.0332,113.7380,自然遺産,2010,広東省,丹霞山:Danxiashan
40,アジア,中華人民共和国,中国の丹霞地形,28.0671,116.9975,自然遺産,2010,広西省 貴渓市 竜虎山風景名勝区,竜虎山:Longhushan/Longhushan Section
40,アジア,中華人民共和国,中国の丹霞地形,28.3128,117.4020,自然遺産,2010,広西省 弋陽県 亀峰風景名勝区,亀峰:Longhushan: Guifeng Section
40,アジア,中華人民共和国,中国の丹霞地形,28.5253,118.5671,自然遺産,2010,浙江省 江山市,江郎山:Jianglangshan
41,アジア,中華人民共和国,杭州西湖の文化的景観,30.2429,120.1448,文化遺産,2011,杭州,杭州西湖文化景观:West Lake Cultural Landscape of Hangzhou,,2
42,アジア,中華人民共和国,澄江の化石産地,24.6532,102.9708,文化遺産,2012,雲南省 玉溪市,澄江生物群:Chengjiang Fossil Site,,2
43,アジア,中華人民共和国,元の上都遺跡,42.3398,116.1938,文化遺産,2012,内蒙古自治区锡林郭勒盟正蓝旗上都镇,元上都遗址:Site of Xanadu,,1
44,アジア,中華人民共和国,紅河ハニ棚田の文化的景観,23.0920,102.8077,文化遺産,2013,雲南省紅河ハニ族イ族自治州,红河哈尼梯田文化景观:Cultural Landscape of Honghe Hani Rice Terraces,,2
45,アジア,中華人民共和国,新疆天山,41.7305,80.6949,自然遺産,2013,新疆ウイグル自治区 トムール,托木爾:Tomur,,1
45,アジア,中華人民共和国,新疆天山,43.2041,82.8436,自然遺産,2013,新疆ウイグル自治区 カラジュン=クエルデニン,喀拉峻-庫尔徳寧:Kalajun-Kuerdening
45,アジア,中華人民共和国,新疆天山,42.8937,83.8209,自然遺産,2013,新疆ウイグル自治区 バインブルク,巴音布魯克:Bayinbuluke
45,アジア,中華人民共和国,新疆天山,43.7928,88.3328,自然遺産,2013,新疆ウイグル自治区 ボグダ（ボゴダ）,博格達:Bogda
46,アジア,中華人民共和国,シルクロード：長安－天山回廊の交易路網,34.3001,108.8633,文化遺産,2014,陕西省 西安市 前漢長安城未央宮遺跡,汉长安城未央宫遗址:Site of Weiyang Palace in Chang'an City of the Western Han Dynasty,,"3,2"
46,アジア,中華人民共和国,シルクロード：長安－天山回廊の交易路網,34.7230,112.6250,文化遺産,2014,河南省 洛阳市 後漢北魏洛陽城,汉魏洛阳城遗址:Site of Luoyang City from the Eastern Han to Northern Wei Dynasty
46,アジア,中華人民共和国,シルクロード：長安－天山回廊の交易路網,34.2893,108.9650,文化遺産,2014,陕西省 西安市 唐長安城大明宮,唐长安城大明宫遗址:Site of Daming Palace in Chang'an City of Tang Dynasty
46,アジア,中華人民共和国,シルクロード：長安－天山回廊の交易路網,34.6304,112.4671,文化遺産,2014,河南省 洛阳市 隋唐洛陽城定鼎門,隋唐洛阳城定鼎门遗址:Dingding Gate/Luoyang City of the Sui and Tang Dynasty
46,アジア,中華人民共和国,シルクロード：長安－天山回廊の交易路網,42.8593,89.5319,文化遺産,2014,新疆ウイグル自治区 吐鲁番市 高昌故城,高昌故城:Site of Qocho City
46,アジア,中華人民共和国,シルクロード：長安－天山回廊の交易路網,42.9529,89.0660,文化遺産,2014,新疆ウイグル自治区 吐鲁番市 交河故城,交河故城:Site of Yar City
46,アジア,中華人民共和国,シルクロード：長安－天山回廊の交易路網,44.0900,89.2090,文化遺産,2014,新疆ウイグル自治区 昌吉回族自治州 北庭故城,北庭故城遗址:Site of Bashbaliq City
46,アジア,中華人民共和国,シルクロード：長安－天山回廊の交易路網,34.7195,112.1720,文化遺産,2014,河南省 新安県漢代函谷関,新安汉函谷关遗址:Site of Han'gu Pass of Han Dynasty in Xin'an County
46,アジア,中華人民共和国,シルクロード：長安－天山回廊の交易路網,34.7220,111.5130,文化遺産,2014,河南省 石壕地区崤函古道,崤函古道石壕段遗址:Site of Shihao Section of Xiaohan Ancient Route
46,アジア,中華人民共和国,シルクロード：長安－天山回廊の交易路網,40.2530,96.1995,文化遺産,2014,甘粛省 酒泉市 鎖陽城,锁阳城遗址:Site of Suoyang City
46,アジア,中華人民共和国,シルクロード：長安－天山回廊の交易路網,40.2696,95.3316,文化遺産,2014,甘粛省 酒泉市 懸泉駅站,悬泉置遗址:Site of Xuanquan Posthouse
46,アジア,中華人民共和国,シルクロード：長安－天山回廊の交易路網,40.3535,93.8640,文化遺産,2014,甘粛省 敦煌市 玉門関,玉门关遗址:Site of Yumen Pass
46,アジア,中華人民共和国,シルクロード：長安－天山回廊の交易路網,41.7928,82.9016,文化遺産,2014,新疆ウイグル自治区 キジルガハ烽火台,克孜尔尕哈烽燧:Kizilgaha Beacon Tower
46,アジア,中華人民共和国,シルクロード：長安－天山回廊の交易路網,41.7883,82.5080,文化遺産,2014,新疆ウイグル自治区 キジル石窟寺院,克孜尔石窟:Kizil Cave-Temple Complex
46,アジア,中華人民共和国,シルクロード：長安－天山回廊の交易路網,41.8612,83.0497,文化遺産,2014,新疆ウイグル自治区 スバシ仏教寺院址,苏巴什佛寺遗址:Subash Buddhist Ruins
46,アジア,中華人民共和国,シルクロード：長安－天山回廊の交易路網,35.9582,103.2858,文化遺産,2014,甘粛省 臨夏回族自治州 炳霊寺石窟寺院,炳灵寺石窟:Bingling Cave-Temple Complex
46,アジア,中華人民共和国,シルクロード：長安－天山回廊の交易路網,34.3483,106.0099,文化遺産,2014,甘粛省 天水市 麦積山石窟群,麦积山石窟:Maijishan Cave-Temple Complex
46,アジア,中華人民共和国,シルクロード：長安－天山回廊の交易路網,35.0617,107.9855,文化遺産,2014,陕西省 彬県大仏寺石窟,彬县大佛寺石窟:Bin County Cave Temple
46,アジア,中華人民共和国,シルクロード：長安－天山回廊の交易路網,34.2182,108.9641,文化遺産,2014,陕西省 西安市 大雁塔,大雁塔:Great Wild Goose Pagoda
46,アジア,中華人民共和国,シルクロード：長安－天山回廊の交易路網,34.2391,108.9420,文化遺産,2014,陕西省 西安市 小雁塔,小雁塔:Small Wild Goose Pagoda
46,アジア,中華人民共和国,シルクロード：長安－天山回廊の交易路網,34.0892,109.0342,文化遺産,2014,陕西省 西安市 興教寺塔,兴教寺塔:Xingjiaosi Pagoda
46,アジア,中華人民共和国,シルクロード：長安－天山回廊の交易路網,33.1587,107.2911,文化遺産,2014,陕西省 汉中市 張騫墓,张骞墓:Tomb of Zhang Qian
47,アジア,中華人民共和国,京杭大運河,34.6938,112.4683,文化遺産,2014,河南省 洛陽市 通済渠:含嘉倉遺跡,含嘉仓160号仓窖遗址:No.160 Site of Hanjia Granary
47,アジア,中華人民共和国,京杭大運河,34.7130,112.5027,文化遺産,2014,河南省 洛陽市 通済渠:回洛倉遺跡,回洛仓遗址:Site of Huiloa Granary
47,アジア,中華人民共和国,京杭大運河,34.8933,113.6369,文化遺産,2014,河南省 鄭州市 通済渠:鄭州段運河,通济渠郑州段:Zhengzhou Section of Tongji Canal
47,アジア,中華人民共和国,京杭大運河,34.3465,115.6148,文化遺産,2014,河南省 商丘市 通済渠:商丘南関段運河,通济渠商丘南关段:Shangqiu Nanguan Section of Tongji Canal
47,アジア,中華人民共和国,京杭大運河,34.1570,115.9763,文化遺産,2014,河南省 商丘市 通済渠:商丘夏邑段運河,通济渠商丘夏邑段:Shangqiu Xiayi Section of Tongji Canal
47,アジア,中華人民共和国,京杭大運河,33.8225,116.6039,文化遺産,2014,安徽省 淮北市 通済渠:柳孜運河遺跡,柳孜运河遗址:Canal Site at Liuzi
47,アジア,中華人民共和国,京杭大運河,33.4970,117.9197,文化遺産,2014,安徽省 宿州市 通済渠:泗県段運河,通济渠泗县段:Si County Section of Tongji Canal
47,アジア,中華人民共和国,京杭大運河,35.6683,114.5429,文化遺産,2014,河南省 安陽市・鶴壁市 永済渠:滑県-濬県段運河,卫河（永济渠）滑县浚县段:Hua County and Xun County Section of Wei Canal (Yongji Canal)
47,アジア,中華人民共和国,京杭大運河,35.6688,114.5621,文化遺産,2014,河南省 鶴壁市 永済渠:黎陽倉遺跡,黎阳仓遗址:Site of Liyang Granary
47,アジア,中華人民共和国,京杭大運河,33.5448,118.9446,文化遺産,2014,江蘇省 淮安市 裏運河:清口水利枢紐遺跡,清口枢纽:Qingkou Complex
47,アジア,中華人民共和国,京杭大運河,33.5057,119.1448,文化遺産,2014,江蘇省 淮安市 裏運河:総督漕運公署遺跡,总督漕运公署遗址:Site of Caoyun Governor’s Mansion
47,アジア,中華人民共和国,京杭大運河,32.3844,119.4735,文化遺産,2014,江蘇省 揚州市 裏運河:揚州段運河,淮扬运河扬州段:Yangzhou Section of Huaiyang Canal
47,アジア,中華人民共和国,京杭大運河,31.7836,119.9365,文化遺産,2014,江蘇省 常州市 江南運河:常州段運河,江南运河常州城区段:Changzhou City Section of Jiangnan Canal
47,アジア,中華人民共和国,京杭大運河,31.5899,120.2835,文化遺産,2014,江蘇省 無錫市 江南運河:無錫段運河,江南运河无锡城区段:Wuxi City Section of Jiangnan Canal
47,アジア,中華人民共和国,京杭大運河,31.3238,120.6366,文化遺産,2014,江蘇省 蘇州市 江南運河:蘇州段運河,江南运河苏州段:Suzhou Section of Jiangnan Canal
47,アジア,中華人民共和国,京杭大運河,30.5508,120.4287,文化遺産,2014,浙江省 嘉興市・杭州市 江南運河:嘉興-杭州段運河,江南运河嘉兴-杭州段:Jiaxing-Hangzhou Section of Jiangnan Canal
47,アジア,中華人民共和国,京杭大運河,30.6893,120.3644,文化遺産,2014,浙江省 湖州市 江南運河:南潯,江南运河南浔段:Nanxun Section of Jiangnan Canal
47,アジア,中華人民共和国,京杭大運河,30.1609,120.2837,文化遺産,2014,浙江省杭州市・紹興市 浙東運河:杭州蕭山- 紹興段運河,浙东运河杭州萧山-绍兴段:Hangzhou Xiaoshan–Shaoxing Section of Zhedong Canal
47,アジア,中華人民共和国,京杭大運河,30.0033,120.6103,文化遺産,2014,浙江省 紹興市 浙東運河:上虞-余姚運河,浙东运河上虞-余姚段:Shangyu-YuyaoSection of Zhedong Canal
47,アジア,中華人民共和国,京杭大運河,30.0106,121.2829,文化遺産,2014,浙江省 寧波市 浙東運河:寧波段運河,浙东运河宁波段:Ningbo Section of Zhedong Canal
47,アジア,中華人民共和国,京杭大運河,29.8754,121.5564,文化遺産,2014,浙江省 寧波市 浙東運河:寧波三江口,宁波三江口:Ningbo Sanjiangkou
47,アジア,中華人民共和国,京杭大運河,39.9019,116.4447,文化遺産,2014,北京市 通恵河:北京旧城段,通惠河北京旧城段:Old Beijing City Section of Tonghui Canal
47,アジア,中華人民共和国,京杭大運河,39.9104,116.6504,文化遺産,2014,北京市 通恵河:通州段運河,通惠河通州段:Tongzhou Section of Tonghui Canal
47,アジア,中華人民共和国,京杭大運河,39.2705,117.0920,文化遺産,2014,天津市 北運河:三岔口,北・南运河天津三岔口段:Sanchkou Section of Bei Canal and Nana Canal in Tianjin
47,アジア,中華人民共和国,京杭大運河,37.6041,116.3256,文化遺産,2014,河北省 滄州市・衡水市、山東省 徳州市 南運河:滄州-徳州段運河,南运河沧州-衡水-德州段:Cangzhou-Dezhou Section of Nan Canal
47,アジア,中華人民共和国,京杭大運河,36.8310,115.7091,文化遺産,2014,山東省 聊城市 会通河:臨清段運河,会通河临清段:Linqing Section of Huitong Canal
47,アジア,中華人民共和国,京杭大運河,36.1256,116.0148,文化遺産,2014,山東省 聊城市 会通河:陽穀段運河,会通河阳谷段:Yanggu Section of Huitong Canal
47,アジア,中華人民共和国,京杭大運河,35.7211,116.4221,文化遺産,2014,山東省 泰安市・済寧市 会通河:南旺水利枢紐,南旺枢纽:Nanwang Complex
47,アジア,中華人民共和国,京杭大運河,35.0782,116.6993,文化遺産,2014,山東省 済寧市 会通河:微山段運河,会通河微山段:Weishan Section of Huitong Canal
47,アジア,中華人民共和国,京杭大運河,34.5581,117.7303,文化遺産,2014,山東省 棗荘市 中運河:台児荘段運河,中河台儿庄段:Taierzhuang Section of Zhong Canal
47,アジア,中華人民共和国,京杭大運河,34.0199,118.1652,文化遺産,2014,江蘇省 宿遷市 中運河:宿遷段運河,中河宿迁段:Suqian Section of Zhong Canal
48,アジア,中華人民共和国,土司の遺跡群,28.9985,109.9669,文化遺産,2015,湖南省 永順県 永順老司城遺跡（老司城遗址）,湖南永顺老司城遗址:Site of Laosicheng Tusi Domain,,1
48,アジア,中華人民共和国,土司の遺跡群,29.6905,109.0052,文化遺産,2015,湖北省 咸豊県 唐崖土司城遺跡（唐崖土司城址）,湖北恩施唐崖土司城址:Site of Tangya Tusi Domain
48,アジア,中華人民共和国,土司の遺跡群,27.8115,106.8169,文化遺産,2015,貴州省 遵義市 播州海龍屯（海龙屯）,贵州遵义海龙屯:Site of Hailongtun Tusi Fortress
49,アジア,中華人民共和国,左江花山の岩絵の文化的景観,22.2437,107.0393,文化遺産,2016,広西チワン族自治区 寧明県・竜州県の岩絵,宁明县及龙州县:Ningming and Longzhou County rock art,,1
49,アジア,中華人民共和国,左江花山の岩絵の文化的景観,22.3920,107.0926,文化遺産,2016,広西チワン族自治区 竜州県の岩絵,龙州县岩画:Longhzou County rock art
49,アジア,中華人民共和国,左江花山の岩絵の文化的景観,22.5446,107.5940,文化遺産,2016,広西チワン族自治区 江州区・扶綏県の岩絵,江州区及扶绥县境内:Jiangzhou District, Fusui County rock art
50,アジア,中華人民共和国,湖北省の神農架,31.4823,110.1879,自然遺産,2016,湖北省 神農頂,神农顶:Shennongding,,1
50,アジア,中華人民共和国,湖北省の神農架,31.5324,110.4603,自然遺産,2016,湖北省 老君山,老君山:Laojunshan
51,アジア,中華人民共和国,青海可可西里：フフシル,35.6389,94.0669,自然遺産,2017,青海省西北部,青海可可西里:Qinghai Hoh Xil,,2
52,アジア,中華人民共和国,鼓浪嶼（コロンス）：歴史的共同租界,24.4457,118.0696,文化遺産,2017,,,
53,アジア,中華人民共和国,梵浄山,27.8997,108.6415,自然遺産,2018,,,
54,アジア,中華人民共和国,黄海−渤海湾沿岸の渡り鳥保護区群（第1段階）,34.5291,119.3127,自然遺産,2019,,,
55,アジア,中華人民共和国,良渚古城遺跡,30.3928,119.9903,文化遺産,2019,,,
56,アジア,中華人民共和国,泉州：宋・元時代の世界の中心地,24.8736,118.6759,文化遺産,2021,,,
57,アジア,中華人民共和国,普洱の景邁山古茶林の文化的景観,22.2030,100.0166,文化遺産,2023,,,
58,アジア,中華人民共和国,バダイン・ジャラン砂漠-砂峰群と湖群,39.8513,102.1559,自然遺産,2024,,,
59,アジア,中華人民共和国,北京の中軸線：中国首都の理想的秩序を示す建造物群,39.9163,116.3972,文化遺産,2024,紫禁城（故宮）,,
59,アジア,中華人民共和国,北京の中軸線：中国首都の理想的秩序を示す建造物群,39.8832,116.4123,文化遺産,2024,天壇,,
59,アジア,中華人民共和国,北京の中軸線：中国首都の理想的秩序を示す建造物群,39.9053,116.3976,文化遺産,2024,天安門広場,,
59,アジア,中華人民共和国,北京の中軸線：中国首都の理想的秩序を示す建造物群,39.9164,116.3970,文化遺産,2024,中山公園,,
59,アジア,中華人民共和国,北京の中軸線：中国首都の理想的秩序を示す建造物群,39.9167,116.3978,文化遺産,2024,景山公園,,
59,アジア,中華人民共和国,北京の中軸線：中国首都の理想的秩序を示す建造物群,39.9075,116.3958,文化遺産,2024,鐘楼,,
59,アジア,中華人民共和国,北京の中軸線：中国首都の理想的秩序を示す建造物群,39.9097,116.3960,文化遺産,2024,鼓楼,,
59,アジア,中華人民共和国,北京の中軸線：中国首都の理想的秩序を示す建造物群,39.8733,116.3970,文化遺産,2024,永定門,,
59,アジア,中華人民共和国,北京の中軸線：中国首都の理想的秩序を示す建造物群,39.9007,116.3980,文化遺産,2024,正陽門,,
59,アジア,中華人民共和国,北京の中軸線：中国首都の理想的秩序を示す建造物群,39.9000,116.3970,文化遺産,2024,前門,,
60,アジア,中華人民共和国,西夏王朝の帝陵群,38.4370,105.8800,文化遺産,2025,西夏陵1号陵,,
60,アジア,中華人民共和国,西夏王朝の帝陵群,38.4345,105.8850,文化遺産,2025,西夏陵2号陵,,
60,アジア,中華人民共和国,西夏王朝の帝陵群,38.4360,105.8905,文化遺産,2025,西夏陵3号陵,,
60,アジア,中華人民共和国,西夏王朝の帝陵群,38.4330,105.8940,文化遺産,2025,西夏陵4号陵,,
60,アジア,中華人民共和国,西夏王朝の帝陵群,38.4300,105.8985,文化遺産,2025,西夏陵5号陵,,
60,アジア,中華人民共和国,西夏王朝の帝陵群,38.4290,105.9040,文化遺産,2025,西夏陵6号陵,,
60,アジア,中華人民共和国,西夏王朝の帝陵群,38.4315,105.9080,文化遺産,2025,西夏陵7号陵,,
60,アジア,中華人民共和国,西夏王朝の帝陵群,38.4335,105.9125,文化遺産,2025,西夏陵8号陵,,
60,アジア,中華人民共和国,西夏王朝の帝陵群,38.4356,105.9170,文化遺産,2025,西夏陵9号陵,,
1,アジア,日本,法隆寺地域の仏教建造物,34.6147,135.7341,文化遺産,1993,奈良県 奈良市,法隆寺,,"3,2"
1,アジア,日本,法隆寺地域の仏教建造物,34.6229,135.7461,文化遺産,1993,奈良県 奈良市,法起寺,,
2,アジア,日本,姫路城,34.8394,134.6939,文化遺産,1993,兵庫県 姫路市,,,"3,2"
3,アジア,日本,屋久島,30.3399,130.5144,自然遺産,1993,鹿児島県,,,2
4,アジア,日本,白神山地,40.4547,140.0633,自然遺産,1993,青森県及び秋田県,,,"3,2"
5,アジア,日本,古都京都の文化財,35.0603,135.7527,文化遺産,1994,賀茂別雷神社（上賀茂神社）,,,"3,2"
5,アジア,日本,古都京都の文化財,35.0389,135.7730,文化遺産,1994,賀茂御祖神社（下鴨神社）,,
5,アジア,日本,古都京都の文化財,34.9803,135.7476,文化遺産,1994,教王護国寺（東寺）,,
5,アジア,日本,古都京都の文化財,34.9948,135.7849,文化遺産,1994,清水寺,,
5,アジア,日本,古都京都の文化財,35.0704,135.8411,文化遺産,1994,延暦寺,,
5,アジア,日本,古都京都の文化財,34.9507,135.8192,文化遺産,1994,醍醐寺,,
5,アジア,日本,古都京都の文化財,35.0311,135.7138,文化遺産,1994,仁和寺,,
5,アジア,日本,古都京都の文化財,34.8892,135.8076,文化遺産,1994,平等院,,
5,アジア,日本,古都京都の文化財,34.8919,135.8112,文化遺産,1994,宇治上神社,,
5,アジア,日本,古都京都の文化財,35.0602,135.6785,文化遺産,1994,高山寺,,
5,アジア,日本,古都京都の文化財,34.9922,135.6837,文化遺産,1994,西方寺(苔寺),,
5,アジア,日本,古都京都の文化財,35.0158,135.6737,文化遺産,1994,天龍寺,,
5,アジア,日本,古都京都の文化財,35.0393,135.7292,文化遺産,1994,鹿苑寺(金閣寺),,
5,アジア,日本,古都京都の文化財,35.0269,135.7981,文化遺産,1994,慈照寺(銀閣寺),,
5,アジア,日本,古都京都の文化財,35.0345,135.7182,文化遺産,1994,龍安寺,,
5,アジア,日本,古都京都の文化財,34.9911,135.7511,文化遺産,1994,本願寺,,
5,アジア,日本,古都京都の文化財,35.0140,135.7484,文化遺産,1994,二条城,,
6,アジア,日本,白川郷・五箇山の合掌造り集落,36.2561,136.9061,文化遺産,1995,岐阜県 白川郷:荻町集落⑴,,,"3,2"
6,アジア,日本,白川郷・五箇山の合掌造り集落,36.2553,136.9017,文化遺産,1995,岐阜県 白川郷:荻町集落⑵,,
6,アジア,日本,白川郷・五箇山の合掌造り集落,36.4042,136.8864,文化遺産,1995,富山県 五箇山:菅沼合掌造り集落,,
6,アジア,日本,白川郷・五箇山の合掌造り集落,36.4260,136.9354,文化遺産,1995,富山県 五箇山:相倉集落合掌造り集落,,
7,アジア,日本,原爆ドーム,34.3955,132.4536,文化遺産,1996,広島県,,,"3,2"
8,アジア,日本,厳島神社,34.2960,132.3198,文化遺産,1996,広島県,,,"3,2"
9,アジア,日本,古都奈良の文化財,34.6889,135.8398,文化遺産,1998,東大寺,,,"3,2"
9,アジア,日本,古都奈良の文化財,34.6828,135.8311,文化遺産,1998,興福寺,,
9,アジア,日本,古都奈良の文化財,34.6815,135.8484,文化遺産,1998,春日大社及び春日山原始林,,
9,アジア,日本,古都奈良の文化財,34.6778,135.8312,文化遺産,1998,元興寺,,
9,アジア,日本,古都奈良の文化財,34.6685,135.7842,文化遺産,1998,薬師寺,,
9,アジア,日本,古都奈良の文化財,34.6755,135.7848,文化遺産,1998,唐招提寺,,
9,アジア,日本,古都奈良の文化財,34.6922,135.7971,文化遺産,1998,平城宮跡,,
10,アジア,日本,日光の社寺,36.7581,139.5987,文化遺産,1999,栃木県,,,"3,2"
11,アジア,日本,琉球王国のグスク及び関連遺産群,26.2183,127.7147,文化遺産,2000,沖縄県,玉陵（たまうどぅん）,,"3,2"
11,アジア,日本,琉球王国のグスク及び関連遺産群,26.2181,127.7173,文化遺産,2000,沖縄県,園比屋武御嶽石門（そのひゃんうたきいしもん）,,
11,アジア,日本,琉球王国のグスク及び関連遺産群,26.6912,127.9290,文化遺産,2000,沖縄県 今帰仁城跡（なきじんじょうあと）,,
11,アジア,日本,琉球王国のグスク及び関連遺産群,26.4084,127.7417,文化遺産,2000,沖縄県,座喜味城跡（ざきみじょうあと）,,
11,アジア,日本,琉球王国のグスク及び関連遺産群,26.3304,127.8790,文化遺産,2000,沖縄県,勝連城跡(かつれんじょうあと),,
11,アジア,日本,琉球王国のグスク及び関連遺産群,26.2834,127.7996,文化遺産,2000,沖縄県,中城城跡（なかぐすくじょうあと）,,
11,アジア,日本,琉球王国のグスク及び関連遺産群,26.2177,127.7170,文化遺産,2000,沖縄県,首里城跡,,
11,アジア,日本,琉球王国のグスク及び関連遺産群,26.2038,127.7153,文化遺産,2000,沖縄県,識名園（しきなえん）,,
11,アジア,日本,琉球王国のグスク及び関連遺産群,26.1720,127.8264,文化遺産,2000,沖縄県,斎場御嶽（せーふぁうたき）,,
12,アジア,日本,紀伊山地の霊場と参詣道,34.3564,135.8706,文化遺産,2004,和歌山県,吉野山,,"3,2"
12,アジア,日本,紀伊山地の霊場と参詣道,34.3538,135.8731,文化遺産,2004,和歌山県,吉野水分神社（よしのみくまりじんじゃ）,,
12,アジア,日本,紀伊山地の霊場と参詣道,34.3426,135.8818,文化遺産,2004,和歌山県,金峯神社（きんぷじんじゃ）,,
12,アジア,日本,紀伊山地の霊場と参詣道,34.3685,135.8587,文化遺産,2004,和歌山県,金峯山寺（きんぷせんじ）,,
12,アジア,日本,紀伊山地の霊場と参詣道,34.3672,135.8618,文化遺産,2004,和歌山県,吉水神社（よしみずじんじゃ）,,
12,アジア,日本,紀伊山地の霊場と参詣道,34.2529,135.9414,文化遺産,2004,和歌山県,大峯山寺（おおみねさんじ）,,
12,アジア,日本,紀伊山地の霊場と参詣道,33.8405,135.7734,文化遺産,2004,和歌山県,熊野本宮大社（くまのほんぐうたいしゃ）,,
12,アジア,日本,紀伊山地の霊場と参詣道,33.7322,135.9835,文化遺産,2004,和歌山県,熊野速玉大社（くまのはやたまたいしゃ）,,
12,アジア,日本,紀伊山地の霊場と参詣道,33.6686,135.8901,文化遺産,2004,和歌山県,熊野那智大社,,
12,アジア,日本,紀伊山地の霊場と参詣道,33.6691,135.8898,文化遺産,2004,和歌山県,青岸渡寺（せいがんとじ）,,
12,アジア,日本,紀伊山地の霊場と参詣道,33.6753,135.8876,文化遺産,2004,和歌山県,那智大滝,,
12,アジア,日本,紀伊山地の霊場と参詣道,33.6762,135.8914,文化遺産,2004,和歌山県,那智原始林,,
12,アジア,日本,紀伊山地の霊場と参詣道,33.6446,135.9345,文化遺産,2004,和歌山県,補陀洛山寺,,
12,アジア,日本,紀伊山地の霊場と参詣道,34.2627,135.5219,文化遺産,2004,和歌山県,丹生都比売神社（にうつひめじんじゃ）,,
12,アジア,日本,紀伊山地の霊場と参詣道,34.2141,135.5849,文化遺産,2004,和歌山県,金剛峯寺,,
12,アジア,日本,紀伊山地の霊場と参詣道,34.2951,135.5499,文化遺産,2004,和歌山県,慈尊院,,
12,アジア,日本,紀伊山地の霊場と参詣道,34.2942,135.5494,文化遺産,2004,和歌山県,丹生官省符神社（にうかんしょうぶじんじゃ）,,
12,アジア,日本,紀伊山地の霊場と参詣道,33.8406,135.7732,文化遺産,2004,和歌山県,大峯奥駈道（おおみねおくがけみち）,,
12,アジア,日本,紀伊山地の霊場と参詣道,34.2951,135.5499,文化遺産,2004,和歌山県,熊野参詣道小辺路（こへじ）,,
12,アジア,日本,紀伊山地の霊場と参詣道,33.8515,135.7215,文化遺産,2004,和歌山県,熊野参詣道中辺路（なかへじ）,,
12,アジア,日本,紀伊山地の霊場と参詣道,33.5405,135.5014,文化遺産,2004,和歌山県,大辺路（おおへち）,,
12,アジア,日本,紀伊山地の霊場と参詣道,33.8595,135.9906,文化遺産,2004,和歌山県,伊勢路,,
12,アジア,日本,紀伊山地の霊場と参詣道,34.2208,135.5600,文化遺産,2004,和歌山県,高野参詣道（こうやさんけいみち）,,
13,アジア,日本,知床,44.1239,145.0876,自然遺産,2005,北海道,,,"3,2"
14,アジア,日本,石見銀山遺跡とその文化的景観,35.1152,132.4464,文化遺産,2007,島根県,銀山柵内（ぎんざんさくのうち）,,"3,2"
14,アジア,日本,石見銀山遺跡とその文化的景観,35.1211,132.4479,文化遺産,2007,島根県,代官所跡,,
14,アジア,日本,石見銀山遺跡とその文化的景観,35.0850,132.4169,文化遺産,2007,島根県,矢滝城跡,,
14,アジア,日本,石見銀山遺跡とその文化的景観,35.0959,132.4068,文化遺産,2007,島根県,矢筈城跡（やはずじょうあと）,,
14,アジア,日本,石見銀山遺跡とその文化的景観,35.1418,132.4216,文化遺産,2007,島根県,石見城跡（いわみじょうあと）,,
14,アジア,日本,石見銀山遺跡とその文化的景観,35.1133,132.4437,文化遺産,2007,島根県,大森・銀山,,
14,アジア,日本,石見銀山遺跡とその文化的景観,35.1232,132.4495,文化遺産,2007,島根県,宮ノ前,,
14,アジア,日本,石見銀山遺跡とその文化的景観,35.1209,132.4474,文化遺産,2007,島根県,熊谷家住宅,,
14,アジア,日本,石見銀山遺跡とその文化的景観,35.1132,132.4463,文化遺産,2007,島根県,羅漢寺五百羅漢（らかんじごひゃくらかん）,,
14,アジア,日本,石見銀山遺跡とその文化的景観,35.1227,132.3781,文化遺産,2007,島根県,石見銀山街道鞆ケ浦道,,
14,アジア,日本,石見銀山遺跡とその文化的景観,35.1007,132.3467,文化遺産,2007,島根県,石見銀山街道温泉津・沖泊道,,
14,アジア,日本,石見銀山遺跡とその文化的景観,35.1265,132.3741,文化遺産,2007,島根県,鞆ケ浦,,
14,アジア,日本,石見銀山遺跡とその文化的景観,35.0999,132.3423,文化遺産,2007,島根県,沖泊（おきどまり）,,
14,アジア,日本,石見銀山遺跡とその文化的景観,35.1011,132.3519,文化遺産,2007,島根県,温泉津（ゆのつ）,,
15,アジア,日本,小笠原諸島,26.9763,141.6949,自然遺産,2011,東京都,,,"3,2"
15,アジア,日本,小笠原諸島,24.2342,141.4650,自然遺産,2011,東京都,南硫黄島,,
15,アジア,日本,小笠原諸島,25.4330,141.2824,自然遺産,2011,東京都,北硫黄島と周辺の珊瑚礁,,
15,アジア,日本,小笠原諸島,26.5551,142.1567,自然遺産,2011,東京都,姉島と周辺の珊瑚礁,,
15,アジア,日本,小笠原諸島,26.5602,142.2094,自然遺産,2011,東京都,妹島と周辺の珊瑚礁,,
15,アジア,日本,小笠原諸島,26.5706,142.2314,自然遺産,2011,東京都,姪島と周辺の珊瑚礁,,
15,アジア,日本,小笠原諸島,26.5858,142.1542,自然遺産,2011,東京都,平島と周辺の珊瑚礁,,
15,アジア,日本,小笠原諸島,26.6030,142.1302,自然遺産,2011,東京都,向島と周辺の珊瑚礁,,
15,アジア,日本,小笠原諸島,26.6701,142.1548,自然遺産,2011,東京都,母島と周辺の珊瑚礁,,
15,アジア,日本,小笠原諸島,27.2469,140.8779,自然遺産,2011,東京都,西之島と周辺の珊瑚礁,,
15,アジア,日本,小笠原諸島,27.0388,142.1754,自然遺産,2011,東京都,南島と周辺の珊瑚礁,,
15,アジア,日本,小笠原諸島,27.4979,142.2086,自然遺産,2011,東京都,嫁島と周辺の珊瑚礁,,
15,アジア,日本,小笠原諸島,27.6284,142.1787,自然遺産,2011,東京都,媒島（なこうどじま）と周辺の珊瑚礁,,
15,アジア,日本,小笠原諸島,27.0842,142.2176,自然遺産,2011,東京都,父島と周辺の珊瑚礁,,
15,アジア,日本,小笠原諸島,26.6026,142.1302,自然遺産,2011,東京都,向島と周辺の珊瑚礁,,
15,アジア,日本,小笠原諸島,27.7183,142.0997,自然遺産,2011,東京都,北之島と周辺の珊瑚礁,,
15,アジア,日本,小笠原諸島,27.0932,142.2452,自然遺産,2011,東京都,東島と周辺の珊瑚礁,,
15,アジア,日本,小笠原諸島,27.1174,142.1678,自然遺産,2011,東京都,西島と周辺の珊瑚礁,,
15,アジア,日本,小笠原諸島,27.1225,142.2118,自然遺産,2011,東京都,兄島と周辺の珊瑚礁,,
15,アジア,日本,小笠原諸島,27.1667,142.1911,自然遺産,2011,東京都,弟島と周辺の珊瑚礁,,
16,アジア,日本,平泉－仏国土（浄土）を表す建築・庭園及び考古学的遺跡群,39.0016,141.1027,文化遺産,2011,岩手県,中尊寺,,"3,2"
16,アジア,日本,平泉－仏国土（浄土）を表す建築・庭園及び考古学的遺跡群,38.9871,141.1075,文化遺産,2011,岩手県,毛越寺（もうつうじ）,,
16,アジア,日本,平泉－仏国土（浄土）を表す建築・庭園及び考古学的遺跡群,38.9885,141.1104,文化遺産,2011,岩手県,観自在王院跡（かんじざいおういんあと）,,
16,アジア,日本,平泉－仏国土（浄土）を表す建築・庭園及び考古学的遺跡群,38.9928,141.1156,文化遺産,2011,岩手県,無量光院跡（むりょうこういんあと）,,
16,アジア,日本,平泉－仏国土（浄土）を表す建築・庭園及び考古学的遺跡群,38.9934,141.1092,文化遺産,2011,岩手県,金鶏山（きんけいざん）,,
17,アジア,日本,富士山－信仰の対象と芸術の源泉,35.3605,138.7273,文化遺産,2013,富士山域,,,"3,2"
17,アジア,日本,富士山－信仰の対象と芸術の源泉,35.2274,138.6100,文化遺産,2013,富士山本宮浅間大社（ふじさんほんぐうせんげんたいしゃ）,,
17,アジア,日本,富士山－信仰の対象と芸術の源泉,35.2712,138.6370,文化遺産,2013,山宮浅間神社（やまみやせんげんじんじゃ）,,
17,アジア,日本,富士山－信仰の対象と芸術の源泉,35.2614,138.6661,文化遺産,2013,村山浅間神社,,
17,アジア,日本,富士山－信仰の対象と芸術の源泉,35.2545,138.8489,文化遺産,2013,須山浅間神社（すやませんげんじんじゃ）,,
17,アジア,日本,富士山－信仰の対象と芸術の源泉,35.3626,138.8634,文化遺産,2013,冨士浅間神社(須走浅間神社),,
17,アジア,日本,富士山－信仰の対象と芸術の源泉,35.5308,138.7745,文化遺産,2013,河口浅間神社,,
17,アジア,日本,富士山－信仰の対象と芸術の源泉,35.5106,138.7460,文化遺産,2013,冨士御室浅間神社（ふじおむろせんげんじんじゃ）,,
17,アジア,日本,富士山－信仰の対象と芸術の源泉,35.4800,138.7964,文化遺産,2013,御師住宅(旧外川家住宅),,
17,アジア,日本,富士山－信仰の対象と芸術の源泉,35.4589,138.8053,文化遺産,2013,御師住宅(小佐野家住宅),,
17,アジア,日本,富士山－信仰の対象と芸術の源泉,35.4160,138.8736,文化遺産,2013,山中湖,,
17,アジア,日本,富士山－信仰の対象と芸術の源泉,35.5167,138.7531,文化遺産,2013,河口湖,,
17,アジア,日本,富士山－信仰の対象と芸術の源泉,35.4534,138.8369,文化遺産,2013,忍野八海(出口池),,
17,アジア,日本,富士山－信仰の対象と芸術の源泉,35.4594,138.8306,文化遺産,2013,忍野八海(お釜池),,
17,アジア,日本,富士山－信仰の対象と芸術の源泉,35.4594,138.8315,文化遺産,2013,忍野八海(底抜池),,
17,アジア,日本,富士山－信仰の対象と芸術の源泉,35.4600,138.8317,文化遺産,2013,忍野八海(銚子池),,
17,アジア,日本,富士山－信仰の対象と芸術の源泉,35.4601,138.8328,文化遺産,2013,忍野八海(湧池),,
17,アジア,日本,富士山－信仰の対象と芸術の源泉,35.4602,138.8325,文化遺産,2013,忍野八海(濁池),,
17,アジア,日本,富士山－信仰の対象と芸術の源泉,35.4614,138.8341,文化遺産,2013,忍野八海(菖蒲池),,
17,アジア,日本,富士山－信仰の対象と芸術の源泉,35.4529,138.7558,文化遺産,2013,船津胎内樹型（ふなつたいないじゅけい）,,
17,アジア,日本,富士山－信仰の対象と芸術の源泉,35.4482,138.7604,文化遺産,2013,吉田胎内樹型（よしだたいないじゅけい）,,
17,アジア,日本,富士山－信仰の対象と芸術の源泉,35.3615,138.5912,文化遺産,2013,人穴富士講遺跡（ひとあなふじこういせき）,,
17,アジア,日本,富士山－信仰の対象と芸術の源泉,35.3128,138.5874,文化遺産,2013,白糸ノ滝,,
17,アジア,日本,富士山－信仰の対象と芸術の源泉,34.9947,138.5223,文化遺産,2013,三保松原（みほのまつばら）,,
18,アジア,日本,富岡製糸場と絹産業遺産群,36.2551,138.8875,文化遺産,2014,群馬県,富岡製糸場,,"3,2"
18,アジア,日本,富岡製糸場と絹産業遺産群,36.2466,139.2391,文化遺産,2014,群馬県,田島弥平旧宅,,
18,アジア,日本,富岡製糸場と絹産業遺産群,36.2034,139.0316,文化遺産,2014,群馬県,高山社跡,,
18,アジア,日本,富岡製糸場と絹産業遺産群,36.2461,138.6356,文化遺産,2014,群馬県,荒船風穴（あらふねふうけつ）,,
19,アジア,日本,明治日本の産業革命遺産,34.4281,131.4183,文化遺産,2015,山口県,萩反射炉,,"3,2"
19,アジア,日本,明治日本の産業革命遺産,34.4304,131.4123,文化遺産,2015,山口県,恵美須ヶ鼻造船所跡（えびすがはなぞうせんじょうあと）,,
19,アジア,日本,明治日本の産業革命遺産,34.5055,131.5383,文化遺産,2015,山口県,大板山たたら製鉄遺跡,,
19,アジア,日本,明治日本の産業革命遺産,34.4130,131.3937,文化遺産,2015,山口県,萩城下町,,
19,アジア,日本,明治日本の産業革命遺産,34.4121,131.4173,文化遺産,2015,山口県,松下村塾,,
19,アジア,日本,明治日本の産業革命遺産,31.6173,130.5763,文化遺産,2015,旧集成館（きゅうしゅうせいかん）,,
19,アジア,日本,明治日本の産業革命遺産,31.6621,130.6006,文化遺産,2015,寺山炭窯跡（てらやますみがまあと）,,
19,アジア,日本,明治日本の産業革命遺産,31.6470,130.5522,文化遺産,2015,関吉の疎水溝（せきよしのそすいこう）,,
19,アジア,日本,明治日本の産業革命遺産,35.0395,138.9621,文化遺産,2015,韮山反射炉（にらやまはんしゃろ）,,
19,アジア,日本,明治日本の産業革命遺産,39.3444,141.6818,文化遺産,2015,橋野鉄鉱山,,
19,アジア,日本,明治日本の産業革命遺産,33.2075,130.3400,文化遺産,2015,三重津海軍所跡（みえつかいぐんしょあと）,,
19,アジア,日本,明治日本の産業革命遺産,32.7269,129.8622,文化遺産,2015,小菅修船場跡（こすげしゅうせんばあと）,,
19,アジア,日本,明治日本の産業革命遺産,32.7377,129.8560,文化遺産,2015,三菱長崎造船所第三船渠（だいさんせんきょ）,,
19,アジア,日本,明治日本の産業革命遺産,32.7421,129.8591,文化遺産,2015,三菱長崎造船所ジャイアント・カンチレバークレーン,,
19,アジア,日本,明治日本の産業革命遺産,32.7428,129.8554,文化遺産,2015,三菱長崎造船所旧木型場（きゅうきがたば）,,
19,アジア,日本,明治日本の産業革命遺産,32.7382,129.8571,文化遺産,2015,三菱長崎造船所占勝閣（せんしょうかく）,,
19,アジア,日本,明治日本の産業革命遺産,32.6642,129.7509,文化遺産,2015,長崎県,高島炭坑,,
19,アジア,日本,明治日本の産業革命遺産,32.6264,129.7380,文化遺産,2015,長崎県,端島炭坑(軍艦島),,
19,アジア,日本,明治日本の産業革命遺産,32.7340,129.8690,文化遺産,2015,長崎県,旧グラバー住宅,,
19,アジア,日本,明治日本の産業革命遺産,33.0161,130.4228,文化遺産,2015,三池炭鉱・三池港,,
19,アジア,日本,明治日本の産業革命遺産,32.6218,130.4558,文化遺産,2015,三角西港（みすみにしこう）,,
19,アジア,日本,明治日本の産業革命遺産,33.8738,130.8061,文化遺産,2015,福岡県,官営八幡製鐵所（かんえいやはたせいてつしょ）,,
19,アジア,日本,明治日本の産業革命遺産,33.8110,130.7066,文化遺産,2015,福岡県,遠賀川水源地ポンプ室（おんががわすいげんちぽんぷしつ）,,
20,アジア,日本,ル・コルビュジエの建築作品（国立西洋美術館）,35.7153,139.7758,文化遺産,2016,東京都,,,"3,2"
21,アジア,日本,「神宿る島」宗像・沖ノ島と関連遺産群,33.8973,130.4318,文化遺産,2017,福岡県,宗像大社沖津宮（沖ノ島，小屋島，御門柱，天狗岩）,,"3,2"
21,アジア,日本,「神宿る島」宗像・沖ノ島と関連遺産群,33.9090,130.4280,文化遺産,2017,福岡県,宗像大社沖津宮遙拝所（むなかたたいしゃおきつみやようはいしょ）,,
21,アジア,日本,「神宿る島」宗像・沖ノ島と関連遺産群,33.8973,130.4318,文化遺産,2017,福岡県,宗像大社中津宮,,
21,アジア,日本,「神宿る島」宗像・沖ノ島と関連遺産群,33.8310,130.5143,文化遺産,2017,福岡県,宗像大社辺津宮（むなかたたいしゃへつみや）,,
21,アジア,日本,「神宿る島」宗像・沖ノ島と関連遺産群,33.8135,130.4918,文化遺産,2017,福岡県,新原・奴山古墳群（しんばる・ぬやまこふんぐん）,,
22,アジア,日本,長崎と天草地方の潜伏キリシタン関連遺産,32.6290,130.2541,文化遺産,2018,長崎県,原城跡（はらじょうあと）,,"3,2"
22,アジア,日本,長崎と天草地方の潜伏キリシタン関連遺産,33.3412,129.4431,文化遺産,2018,長崎県,平戸の聖地と集落（春日集落と安満岳，中江ノ島）,,
22,アジア,日本,長崎と天草地方の潜伏キリシタン関連遺産,32.3120,130.0260,文化遺産,2018,長崎県,天草の﨑津集落,,
22,アジア,日本,長崎と天草地方の潜伏キリシタン関連遺産,32.8460,129.7017,文化遺産,2018,長崎県,外海の出津集落（そとめのしつしゅうらく）,,
22,アジア,日本,長崎と天草地方の潜伏キリシタン関連遺産,32.8647,129.6844,文化遺産,2018,長崎県,外海の大野集落（そとめのおおのしゅうらく）,,
22,アジア,日本,長崎と天草地方の潜伏キリシタン関連遺産,33.1392,129.5360,文化遺産,2018,長崎県,黒島の集落,,
22,アジア,日本,長崎と天草地方の潜伏キリシタン関連遺産,33.1917,129.1307,文化遺産,2018,長崎県,野崎島の集落跡,,
22,アジア,日本,長崎と天草地方の潜伏キリシタン関連遺産,33.0129,129.1828,文化遺産,2018,長崎県,頭ヶ島の集落（かしらがしまのしゅうらく）,,
22,アジア,日本,長崎と天草地方の潜伏キリシタン関連遺産,32.7960,128.8687,文化遺産,2018,長崎県,久賀島の集落（ひさかじまのしゅうらく）,,
22,アジア,日本,長崎と天草地方の潜伏キリシタン関連遺産,32.8573,128.9050,文化遺産,2018,長崎県,奈留島の江上集落（江上天主堂とその周辺）,,
22,アジア,日本,長崎と天草地方の潜伏キリシタン関連遺産,32.7341,129.8701,文化遺産,2018,長崎県,大浦天主堂,,
23,アジア,日本,百舌鳥・古市古墳群,34.5757,135.4884,文化遺産,2019,大阪府 堺市,反正天皇陵古墳（はんぜいてんのうりょうこふん）,,"3,2"
23,アジア,日本,百舌鳥・古市古墳群,34.5639,135.4874,文化遺産,2019,大阪府 堺市,仁徳天皇陵古墳、茶山古墳、大安寺山古墳,,
23,アジア,日本,百舌鳥・古市古墳群,34.5682,135.4869,文化遺産,2019,大阪府 堺市,永山古墳,,
23,アジア,日本,百舌鳥・古市古墳群,34.5651,135.4915,文化遺産,2019,大阪府 堺市,源右衛門山古墳（げんえもんやまこふん）,,
23,アジア,日本,百舌鳥・古市古墳群,34.5628,135.4906,文化遺産,2019,大阪府 堺市,塚廻古墳（つかまわりこふん）,,
23,アジア,日本,百舌鳥・古市古墳群,34.5587,135.4880,文化遺産,2019,大阪府 堺市,収塚古墳（おさめづかこふん）,,
23,アジア,日本,百舌鳥・古市古墳群,34.5601,135.4850,文化遺産,2019,大阪府 堺市,孫太夫山古墳（まごだゆうやまこふん）,,
23,アジア,日本,百舌鳥・古市古墳群,34.5612,135.4834,文化遺産,2019,大阪府 堺市,竜佐山古墳（たつさやまこふん）,,
23,アジア,日本,百舌鳥・古市古墳群,34.5626,135.4822,文化遺産,2019,大阪府 堺市,銅亀山古墳（どうがめやまこふん）,,
23,アジア,日本,百舌鳥・古市古墳群,34.5669,135.4843,文化遺産,2019,大阪府 堺市,菰山塚古墳（こもやまづかこふん）,,
23,アジア,日本,百舌鳥・古市古墳群,34.5671,135.4854,文化遺産,2019,大阪府 堺市,丸保山古墳（まるほやまこふん）,,
23,アジア,日本,百舌鳥・古市古墳群,34.5576,135.4877,文化遺産,2019,大阪府 堺市,長塚古墳,,
23,アジア,日本,百舌鳥・古市古墳群,34.5567,135.4826,文化遺産,2019,大阪府 堺市,旗塚古墳,,
23,アジア,日本,百舌鳥・古市古墳群,34.5553,135.4844,文化遺産,2019,大阪府 堺市,銭塚古墳,,
23,アジア,日本,百舌鳥・古市古墳群,34.5539,135.4775,文化遺産,2019,大阪府 堺市,履中天皇陵古墳（りちゅうてんのうりょうこふん）,,
23,アジア,日本,百舌鳥・古市古墳群,34.5560,135.4801,文化遺産,2019,大阪府 堺市,寺山南山古墳（てらやまみなみやまこふん）,,
23,アジア,日本,百舌鳥・古市古墳群,34.5567,135.4796,文化遺産,2019,大阪府 堺市,七観音古墳,,
23,アジア,日本,百舌鳥・古市古墳群,34.5533,135.4856,文化遺産,2019,大阪府 堺市,いたすけ古墳,,
23,アジア,日本,百舌鳥・古市古墳群,34.5526,135.4868,文化遺産,2019,大阪府 堺市,善右ヱ門山古墳（ぜんえもんやま）,,
23,アジア,日本,百舌鳥・古市古墳群,34.5548,135.4905,文化遺産,2019,大阪府 堺市,御廟山古墳,,
23,アジア,日本,百舌鳥・古市古墳群,34.5469,135.4986,文化遺産,2019,大阪府 堺市,ニサンザイ古墳,,
23,アジア,日本,百舌鳥・古市古墳群,34.5819,135.5935,文化遺産,2019,大阪府 堺市,津堂城山古墳（つどうしろやまこふん）,,
23,アジア,日本,百舌鳥・古市古墳群,34.5653,135.5940,文化遺産,2019,大阪府 堺市,仲哀天皇陵古墳（ちゅうあいてんのうりょうこふん）,,
23,アジア,日本,百舌鳥・古市古墳群,34.5679,135.5953,文化遺産,2019,大阪府 堺市,鉢塚古墳,,
23,アジア,日本,百舌鳥・古市古墳群,34.5735,135.6166,文化遺産,2019,大阪府 堺市,允恭天皇陵古墳（いんぎょうてんのうりょうこふん）,,
23,アジア,日本,百舌鳥・古市古墳群,34.5699,135.6126,文化遺産,2019,大阪府 堺市,仲姫命陵古墳（なかつひめのみことりょうこふん）,,
23,アジア,日本,百舌鳥・古市古墳群,34.5714,135.6147,文化遺産,2019,大阪府 堺市,鍋塚古墳,,
23,アジア,日本,百舌鳥・古市古墳群,34.5680,135.6129,文化遺産,2019,大阪府 堺市,助太山古墳（すけたやまこふん）,,
23,アジア,日本,百舌鳥・古市古墳群,34.5681,135.6136,文化遺産,2019,大阪府 堺市,中山塚古墳,,
23,アジア,日本,百舌鳥・古市古墳群,34.5681,135.6143,文化遺産,2019,大阪府 堺市,八島塚古墳（やしまづかこふん）,,
23,アジア,日本,百舌鳥・古市古墳群,34.5682,135.6096,文化遺産,2019,大阪府 堺市,古室山古墳（こむろやまこふん）,,
23,アジア,日本,百舌鳥・古市古墳群,34.5666,135.6088,文化遺産,2019,大阪府 堺市,大鳥塚古墳,,
23,アジア,日本,百舌鳥・古市古墳群,34.5626,135.6094,文化遺産,2019,大阪府 堺市,応神天皇陵古墳、誉田丸山古墳、二ツ塚古墳,,
23,アジア,日本,百舌鳥・古市古墳群,34.5639,135.6122,文化遺産,2019,大阪府 堺市,東馬塚古墳,,
23,アジア,日本,百舌鳥・古市古墳群,34.5627,135.6126,文化遺産,2019,大阪府 堺市,栗塚古墳,,
23,アジア,日本,百舌鳥・古市古墳群,34.5617,135.6056,文化遺産,2019,大阪府 堺市,東山古墳,,
23,アジア,日本,百舌鳥・古市古墳群,34.5617,135.6022,文化遺産,2019,大阪府 堺市,はざみ山古墳,,
23,アジア,日本,百舌鳥・古市古墳群,34.5574,135.6040,文化遺産,2019,大阪府 堺市,墓山古墳（はかやまこふん）,,
23,アジア,日本,百舌鳥・古市古墳群,34.5589,135.6044,文化遺産,2019,大阪府 堺市,野中古墳,,
23,アジア,日本,百舌鳥・古市古墳群,34.5571,135.6060,文化遺産,2019,大阪府 堺市,向墓山古墳（むこうはかやまこふん）,,
23,アジア,日本,百舌鳥・古市古墳群,34.5561,135.6067,文化遺産,2019,大阪府 堺市,西馬塚古墳,,
23,アジア,日本,百舌鳥・古市古墳群,34.5569,135.6019,文化遺産,2019,大阪府 堺市,浄元寺山古墳（じょうがんじやまこふん）,,
23,アジア,日本,百舌鳥・古市古墳群,34.5557,135.6004,文化遺産,2019,大阪府 堺市,青山古墳,,
23,アジア,日本,百舌鳥・古市古墳群,34.5522,135.5973,文化遺産,2019,大阪府 堺市,峯ヶ塚古墳（みねがづかこふん）,,
23,アジア,日本,百舌鳥・古市古墳群,34.5511,135.6040,文化遺産,2019,大阪府 堺市,白鳥陵古墳（はくちょうりょうこふん）,,
24,アジア,日本,北海道・北東北の縄文遺跡群,41.0656,140.5522,文化遺産,2021,青森県,大平山元遺跡(おおだいやまもといせき),,"3,2"
24,アジア,日本,北海道・北東北の縄文遺跡群,41.9289,140.9466,文化遺産,2021,北海道,垣ノ島遺跡,,
24,アジア,日本,北海道・北東北の縄文遺跡群,42.4022,140.9128,文化遺産,2021,北海道,北黄金貝塚(きたこがねかいづか),,
24,アジア,日本,北海道・北東北の縄文遺跡群,40.8877,140.3389,文化遺産,2021,青森県,田小屋野貝塚,,
24,アジア,日本,北海道・北東北の縄文遺跡群,40.8843,140.3394,文化遺産,2021,青森県,亀ヶ岡石器時代遺跡,,
24,アジア,日本,北海道・北東北の縄文遺跡群,40.7482,141.2297,文化遺産,2021,青森県,二ツ森貝塚(ふたつもりかいづか),,
24,アジア,日本,北海道・北東北の縄文遺跡群,40.8103,140.6967,文化遺産,2021,青森県,三内丸山遺跡,,
24,アジア,日本,北海道・北東北の縄文遺跡群,41.9575,140.9250,文化遺産,2021,北海道,大船遺跡,,
24,アジア,日本,北海道・北東北の縄文遺跡群,40.1981,141.3058,文化遺産,2021,岩手県,御所野遺跡,,
24,アジア,日本,北海道・北東北の縄文遺跡群,42.5427,140.7752,文化遺産,2021,北海道,入江貝塚,,
24,アジア,日本,北海道・北東北の縄文遺跡群,42.5471,140.7701,文化遺産,2021,北海道,高砂貝塚,,
24,アジア,日本,北海道・北東北の縄文遺跡群,40.7375,140.7278,文化遺産,2021,青森県,小牧野遺跡,,
24,アジア,日本,北海道・北東北の縄文遺跡群,40.2032,140.3470,文化遺産,2021,秋田県,伊勢堂岱遺跡（いせどうたいいせき）,,
24,アジア,日本,北海道・北東北の縄文遺跡群,40.2714,140.8044,文化遺産,2021,秋田県,大湯環状列石,,
24,アジア,日本,北海道・北東北の縄文遺跡群,42.8854,141.7161,文化遺産,2021,北海道,キウス周堤墓群(きうすしゅうていぼぐん),,
24,アジア,日本,北海道・北東北の縄文遺跡群,40.6989,140.3583,文化遺産,2021,青森県,大森勝山遺跡,,
24,アジア,日本,北海道・北東北の縄文遺跡群,40.4743,141.4912,文化遺産,2021,青森県,是川石器時代遺跡(これかわせっきじだいいせき),,
25,アジア,日本,奄美大島、徳之島、沖縄島北部及び西表島,28.2672,129.3621,自然遺産,2021,鹿児島県,奄美大島,,"3,2"
25,アジア,日本,奄美大島、徳之島、沖縄島北部及び西表島,27.7850,128.9668,自然遺産,2021,鹿児島県,徳之島(a),,
25,アジア,日本,奄美大島、徳之島、沖縄島北部及び西表島,27.8655,128.9262,自然遺産,2021,鹿児島県,徳之島(b),,
25,アジア,日本,奄美大島、徳之島、沖縄島北部及び西表島,26.7156,128.2003,自然遺産,2021,鹿児島県,沖縄島北部,,
25,アジア,日本,奄美大島、徳之島、沖縄島北部及び西表島,24.3269,123.8192,自然遺産,2021,鹿児島県,西表島,,
26,アジア,日本,佐渡島の金山,37.9076,138.3255,文化遺産,2024,新潟県,西三川砂金山（にしみかわさきんざん）,,"3,2"
26,アジア,日本,佐渡島の金山,38.0416,138.2560,文化遺産,2024,新潟県,相川鶴子金銀山-相川金銀山,,
26,アジア,日本,佐渡島の金山,38.0192,138.2648,文化遺産,2024,新潟県,相川鶴子金銀山-鶴子銀山,,
1,欧州,フランス共和国,ヴェルサイユ宮殿,48.8049,2.1204,文化遺産,,,,
2,欧州,フランス共和国,モン・サン＝ミシェル,48.636,-1.5115,文化遺産,,,,
3,欧州,フランス共和国,シャルトル大聖堂,48.4475,1.487,文化遺産,,,,
4,欧州,フランス共和国,フォンテーヌブローの宮殿と庭園,48.402,2.7016,文化遺産,,,,
5,欧州,フランス共和国,アヴィニョン歴史地区,43.9493,4.8055,文化遺産,,,,